muni_code,muni,muni_type,muni_type_jp,muni_jp,pref,pref_code,region
01100,Sapporo,city,shi,札幌市,Hokkaido,01,Hokkaido
01202,Hakodate,city,shi,函館市,Hokkaido,01,Hokkaido
01203,Otaru,city,shi,小樽市,Hokkaido,01,Hokkaido
01204,Asahikawa,city,shi,旭川市,Hokkaido,01,Hokkaido
01205,Muroran,city,shi,室蘭市,Hokkaido,01,Hokkaido
01206,Kushiro,city,shi,釧路市,Hokkaido,01,Hokkaido
01207,Obihiro,city,shi,帯広市,Hokkaido,01,Hokkaido
01208,Kitami,city,shi,北見市,Hokkaido,01,Hokkaido
01209,Yubari,city,shi,夕張市,Hokkaido,01,Hokkaido
01210,Iwamizawa,city,shi,岩見沢市,Hokkaido,01,Hokkaido
01211,Abashiri,city,shi,網走市,Hokkaido,01,Hokkaido
01212,Rumoi,city,shi,留萌市,Hokkaido,01,Hokkaido
01213,Tomakomai,city,shi,苫小牧市,Hokkaido,01,Hokkaido
01214,Wakkanai,city,shi,稚内市,Hokkaido,01,Hokkaido
01215,Bibai,city,shi,美唄市,Hokkaido,01,Hokkaido
01216,Ashibetsu,city,shi,芦別市,Hokkaido,01,Hokkaido
01217,Ebetsu,city,shi,江別市,Hokkaido,01,Hokkaido
01218,Akabira,city,shi,赤平市,Hokkaido,01,Hokkaido
01219,Mombetsu,city,shi,紋別市,Hokkaido,01,Hokkaido
01220,Shibetsu,city,shi,士別市,Hokkaido,01,Hokkaido
01221,Nayoro,city,shi,名寄市,Hokkaido,01,Hokkaido
01222,Mikasa,city,shi,三笠市,Hokkaido,01,Hokkaido
01223,Nemuro,city,shi,根室市,Hokkaido,01,Hokkaido
01224,Chitose,city,shi,千歳市,Hokkaido,01,Hokkaido
01225,Takikawa,city,shi,滝川市,Hokkaido,01,Hokkaido
01226,Sunagawa,city,shi,砂川市,Hokkaido,01,Hokkaido
01227,Utashinai,city,shi,歌志内市,Hokkaido,01,Hokkaido
01228,Fukagawa,city,shi,深川市,Hokkaido,01,Hokkaido
01229,Furano,city,shi,富良野市,Hokkaido,01,Hokkaido
01230,Noboribetsu,city,shi,登別市,Hokkaido,01,Hokkaido
01231,Eniwa,city,shi,恵庭市,Hokkaido,01,Hokkaido
01233,Date,city,shi,伊達市,Hokkaido,01,Hokkaido
01234,Kitahiroshima,city,shi,北広島市,Hokkaido,01,Hokkaido
01235,Ishikari,city,shi,石狩市,Hokkaido,01,Hokkaido
01236,Hokuto,city,shi,北斗市,Hokkaido,01,Hokkaido
01303,Tobetsu,town,cho,当別町,Hokkaido,01,Hokkaido
01304,Shinshinotsu,village,mura,新篠津村,Hokkaido,01,Hokkaido
01331,Matsumae,town,cho,松前町,Hokkaido,01,Hokkaido
01332,Fukushima,town,cho,福島町,Hokkaido,01,Hokkaido
01333,Shiriuchi,town,cho,知内町,Hokkaido,01,Hokkaido
01334,Kikonai,town,cho,木古内町,Hokkaido,01,Hokkaido
01337,Nanae,town,cho,七飯町,Hokkaido,01,Hokkaido
01343,Shikabe,town,cho,鹿部町,Hokkaido,01,Hokkaido
01345,Mori,town,machi,森町,Hokkaido,01,Hokkaido
01346,Yakumo,town,cho,八雲町,Hokkaido,01,Hokkaido
01347,Oshamambe,town,cho,長万部町,Hokkaido,01,Hokkaido
01361,Esashi,town,cho,江差町,Hokkaido,01,Hokkaido
01362,Kaminokuni,town,cho,上ノ国町,Hokkaido,01,Hokkaido
01363,Assabu,town,cho,厚沢部町,Hokkaido,01,Hokkaido
01364,Otobe,town,cho,乙部町,Hokkaido,01,Hokkaido
01367,Okushiri,town,cho,奥尻町,Hokkaido,01,Hokkaido
01370,Imakane,town,cho,今金町,Hokkaido,01,Hokkaido
01371,Setana,town,cho,せたな町,Hokkaido,01,Hokkaido
01391,Shimamaki,village,mura,島牧村,Hokkaido,01,Hokkaido
01392,Suttsu,town,cho,寿都町,Hokkaido,01,Hokkaido
01393,Kuromatsunai,town,cho,黒松内町,Hokkaido,01,Hokkaido
01394,Rankoshi,town,cho,蘭越町,Hokkaido,01,Hokkaido
01395,Niseko,town,cho,ニセコ町,Hokkaido,01,Hokkaido
01396,Makkari,village,mura,真狩村,Hokkaido,01,Hokkaido
01397,Rusutsu,village,mura,留寿都村,Hokkaido,01,Hokkaido
01398,Kimobetsu,town,cho,喜茂別町,Hokkaido,01,Hokkaido
01399,Kyogoku,town,cho,京極町,Hokkaido,01,Hokkaido
01400,Kutchan,town,cho,倶知安町,Hokkaido,01,Hokkaido
01401,Kyowa,town,cho,共和町,Hokkaido,01,Hokkaido
01402,Iwanai,town,cho,岩内町,Hokkaido,01,Hokkaido
01403,Tomari,village,mura,泊村,Hokkaido,01,Hokkaido
01404,Kamoenai,village,mura,神恵内村,Hokkaido,01,Hokkaido
01405,Shakotan,town,cho,積丹町,Hokkaido,01,Hokkaido
01406,Furubira,town,cho,古平町,Hokkaido,01,Hokkaido
01407,Niki,town,cho,仁木町,Hokkaido,01,Hokkaido
01408,Yoichi,town,cho,余市町,Hokkaido,01,Hokkaido
01409,Akaigawa,village,mura,赤井川村,Hokkaido,01,Hokkaido
01423,Nanporo,town,cho,南幌町,Hokkaido,01,Hokkaido
01424,Naie,town,cho,奈井江町,Hokkaido,01,Hokkaido
01425,Kamisunagawa,town,cho,上砂川町,Hokkaido,01,Hokkaido
01427,Yuni,town,cho,由仁町,Hokkaido,01,Hokkaido
01428,Naganuma,town,cho,長沼町,Hokkaido,01,Hokkaido
01429,Kuriyama,town,cho,栗山町,Hokkaido,01,Hokkaido
01430,Tsukigata,town,cho,月形町,Hokkaido,01,Hokkaido
01431,Urausu,town,cho,浦臼町,Hokkaido,01,Hokkaido
01432,Shintotsukawa,town,cho,新十津川町,Hokkaido,01,Hokkaido
01433,Moseushi,town,cho,妹背牛町,Hokkaido,01,Hokkaido
01434,Chippubetsu,town,cho,秩父別町,Hokkaido,01,Hokkaido
01436,Uryu,town,cho,雨竜町,Hokkaido,01,Hokkaido
01437,Hokuryu,town,cho,北竜町,Hokkaido,01,Hokkaido
01438,Numata,town,cho,沼田町,Hokkaido,01,Hokkaido
01452,Takasu,town,cho,鷹栖町,Hokkaido,01,Hokkaido
01453,Higashikagura,town,cho,東神楽町,Hokkaido,01,Hokkaido
01454,Tohma,town,cho,当麻町,Hokkaido,01,Hokkaido
01455,Pippu,town,cho,比布町,Hokkaido,01,Hokkaido
01456,Aibetsu,town,cho,愛別町,Hokkaido,01,Hokkaido
01457,Kamikawa,town,cho,上川町,Hokkaido,01,Hokkaido
01458,Higashikawa,town,cho,東川町,Hokkaido,01,Hokkaido
01459,Biei,town,cho,美瑛町,Hokkaido,01,Hokkaido
01460,Kamifurano,town,cho,上富良野町,Hokkaido,01,Hokkaido
01461,Nakafurano,town,cho,中富良野町,Hokkaido,01,Hokkaido
01462,Minamifurano,town,cho,南富良野町,Hokkaido,01,Hokkaido
01463,Shimukappu,village,mura,占冠村,Hokkaido,01,Hokkaido
01464,Wassamu,town,cho,和寒町,Hokkaido,01,Hokkaido
01465,Kembuchi,town,cho,剣淵町,Hokkaido,01,Hokkaido
01468,Shimokawa,town,cho,下川町,Hokkaido,01,Hokkaido
01469,Bifuka,town,cho,美深町,Hokkaido,01,Hokkaido
01470,Otoineppu,village,mura,音威子府村,Hokkaido,01,Hokkaido
01471,Nakagawa,town,cho,中川町,Hokkaido,01,Hokkaido
01472,Horokanai,town,cho,幌加内町,Hokkaido,01,Hokkaido
01481,Mashike,town,cho,増毛町,Hokkaido,01,Hokkaido
01482,Obira,town,cho,小平町,Hokkaido,01,Hokkaido
01483,Tomamae,town,cho,苫前町,Hokkaido,01,Hokkaido
01484,Haboro,town,cho,羽幌町,Hokkaido,01,Hokkaido
01485,Shosambetsu,village,mura,初山別村,Hokkaido,01,Hokkaido
01486,Embetsu,town,cho,遠別町,Hokkaido,01,Hokkaido
01487,Teshio,town,cho,天塩町,Hokkaido,01,Hokkaido
01511,Sarufutsu,village,mura,猿払村,Hokkaido,01,Hokkaido
01512,Hamatombetsu,town,cho,浜頓別町,Hokkaido,01,Hokkaido
01513,Nakatombetsu,town,cho,中頓別町,Hokkaido,01,Hokkaido
01514,Esashi,town,cho,枝幸町,Hokkaido,01,Hokkaido
01516,Toyotomi,town,cho,豊富町,Hokkaido,01,Hokkaido
01517,Rebun,town,cho,礼文町,Hokkaido,01,Hokkaido
01518,Rishiri,town,cho,利尻町,Hokkaido,01,Hokkaido
01519,Rishirifuji,town,cho,利尻富士町,Hokkaido,01,Hokkaido
01520,Horonobe,town,cho,幌延町,Hokkaido,01,Hokkaido
01543,Bihoro,town,cho,美幌町,Hokkaido,01,Hokkaido
01544,Tsubetsu,town,cho,津別町,Hokkaido,01,Hokkaido
01545,Shari,town,cho,斜里町,Hokkaido,01,Hokkaido
01546,Kiyosato,town,cho,清里町,Hokkaido,01,Hokkaido
01547,Koshimizu,town,cho,小清水町,Hokkaido,01,Hokkaido
01549,Kunneppu,town,cho,訓子府町,Hokkaido,01,Hokkaido
01550,Oketo,town,cho,置戸町,Hokkaido,01,Hokkaido
01552,Saroma,town,cho,佐呂間町,Hokkaido,01,Hokkaido
01555,Engaru,town,cho,遠軽町,Hokkaido,01,Hokkaido
01559,Yubetsu,town,cho,湧別町,Hokkaido,01,Hokkaido
01560,Takinoue,town,cho,滝上町,Hokkaido,01,Hokkaido
01561,Okoppe,town,cho,興部町,Hokkaido,01,Hokkaido
01562,Nishiokoppe,village,mura,西興部村,Hokkaido,01,Hokkaido
01563,Omu,town,cho,雄武町,Hokkaido,01,Hokkaido
01564,Ozora,town,cho,大空町,Hokkaido,01,Hokkaido
01571,Toyoura,town,cho,豊浦町,Hokkaido,01,Hokkaido
01575,Sobetsu,town,cho,壮瞥町,Hokkaido,01,Hokkaido
01578,Shiraoi,town,cho,白老町,Hokkaido,01,Hokkaido
01581,Atsuma,town,cho,厚真町,Hokkaido,01,Hokkaido
01584,Toyako,town,cho,洞爺湖町,Hokkaido,01,Hokkaido
01585,Abira,town,cho,安平町,Hokkaido,01,Hokkaido
01586,Mukawa,town,cho,むかわ町,Hokkaido,01,Hokkaido
01601,Hidaka,town,cho,日高町,Hokkaido,01,Hokkaido
01602,Biratori,town,cho,平取町,Hokkaido,01,Hokkaido
01604,Niikappu,town,cho,新冠町,Hokkaido,01,Hokkaido
01607,Urakawa,town,cho,浦河町,Hokkaido,01,Hokkaido
01608,Samani,town,cho,様似町,Hokkaido,01,Hokkaido
01609,Erimo,town,cho,えりも町,Hokkaido,01,Hokkaido
01610,Shinhidaka,town,cho,新ひだか町,Hokkaido,01,Hokkaido
01631,Otofuke,town,cho,音更町,Hokkaido,01,Hokkaido
01632,Shihoro,town,cho,士幌町,Hokkaido,01,Hokkaido
01633,Kamishihoro,town,cho,上士幌町,Hokkaido,01,Hokkaido
01634,Shikaoi,town,cho,鹿追町,Hokkaido,01,Hokkaido
01635,Shintoku,town,cho,新得町,Hokkaido,01,Hokkaido
01636,Shimizu,town,cho,清水町,Hokkaido,01,Hokkaido
01637,Memuro,town,cho,芽室町,Hokkaido,01,Hokkaido
01638,Nakasatsunai,village,mura,中札内村,Hokkaido,01,Hokkaido
01639,Sarabetsu,village,mura,更別村,Hokkaido,01,Hokkaido
01641,Taiki,town,cho,大樹町,Hokkaido,01,Hokkaido
01642,Hiroo,town,cho,広尾町,Hokkaido,01,Hokkaido
01643,Makubetsu,town,cho,幕別町,Hokkaido,01,Hokkaido
01644,Ikeda,town,cho,池田町,Hokkaido,01,Hokkaido
01645,Toyokoro,town,cho,豊頃町,Hokkaido,01,Hokkaido
01646,Hombetsu,town,cho,本別町,Hokkaido,01,Hokkaido
01647,Ashoro,town,cho,足寄町,Hokkaido,01,Hokkaido
01648,Rikubetsu,town,cho,陸別町,Hokkaido,01,Hokkaido
01649,Urahoro,town,cho,浦幌町,Hokkaido,01,Hokkaido
01661,Kushiro,town,cho,釧路町,Hokkaido,01,Hokkaido
01662,Akkeshi,town,cho,厚岸町,Hokkaido,01,Hokkaido
01663,Hamanaka,town,cho,浜中町,Hokkaido,01,Hokkaido
01664,Shibecha,town,cho,標茶町,Hokkaido,01,Hokkaido
01665,Teshikaga,town,cho,弟子屈町,Hokkaido,01,Hokkaido
01667,Tsurui,village,mura,鶴居村,Hokkaido,01,Hokkaido
01668,Shiranuka,town,cho,白糠町,Hokkaido,01,Hokkaido
01691,Betsukai,town,cho,別海町,Hokkaido,01,Hokkaido
01692,Nakashibetsu,town,cho,中標津町,Hokkaido,01,Hokkaido
01693,Shibetsu,town,cho,標津町,Hokkaido,01,Hokkaido
01694,Rausu,town,cho,羅臼町,Hokkaido,01,Hokkaido
02201,Aomori,city,shi,青森市,Aomori-ken,02,Tohoku
02202,Hirosaki,city,shi,弘前市,Aomori-ken,02,Tohoku
02203,Hachinohe,city,shi,八戸市,Aomori-ken,02,Tohoku
02204,Kuroishi,city,shi,黒石市,Aomori-ken,02,Tohoku
02205,Goshogawara,city,shi,五所川原市,Aomori-ken,02,Tohoku
02206,Towada,city,shi,十和田市,Aomori-ken,02,Tohoku
02207,Misawa,city,shi,三沢市,Aomori-ken,02,Tohoku
02208,Mutsu,city,shi,むつ市,Aomori-ken,02,Tohoku
02209,Tsugaru,city,shi,つがる市,Aomori-ken,02,Tohoku
02210,Hirakawa,city,shi,平川市,Aomori-ken,02,Tohoku
02301,Hiranai,town,machi,平内町,Aomori-ken,02,Tohoku
02303,Imabetsu,town,machi,今別町,Aomori-ken,02,Tohoku
02304,Yomogita,village,mura,蓬田村,Aomori-ken,02,Tohoku
02307,Sotogahama,town,machi,外ヶ浜町,Aomori-ken,02,Tohoku
02321,Ajigasawa,town,machi,鰺ヶ沢町,Aomori-ken,02,Tohoku
02323,Fukaura,town,machi,深浦町,Aomori-ken,02,Tohoku
02343,Nishimeya,village,mura,西目屋村,Aomori-ken,02,Tohoku
02361,Fujisaki,town,machi,藤崎町,Aomori-ken,02,Tohoku
02362,Owani,town,machi,大鰐町,Aomori-ken,02,Tohoku
02367,Inakadate,village,mura,田舎館村,Aomori-ken,02,Tohoku
02381,Itayanagi,town,machi,板柳町,Aomori-ken,02,Tohoku
02384,Tsuruta,town,machi,鶴田町,Aomori-ken,02,Tohoku
02387,Nakadomari,town,machi,中泊町,Aomori-ken,02,Tohoku
02401,Noheji,town,machi,野辺地町,Aomori-ken,02,Tohoku
02402,Shichinohe,town,machi,七戸町,Aomori-ken,02,Tohoku
02405,Rokunohe,town,machi,六戸町,Aomori-ken,02,Tohoku
02406,Yokohama,town,machi,横浜町,Aomori-ken,02,Tohoku
02408,Tohoku,town,machi,東北町,Aomori-ken,02,Tohoku
02411,Rokkasho,village,mura,六ヶ所村,Aomori-ken,02,Tohoku
02412,Oirase,town,cho,おいらせ町,Aomori-ken,02,Tohoku
02423,Oma,town,machi,大間町,Aomori-ken,02,Tohoku
02424,Higashidori,village,mura,東通村,Aomori-ken,02,Tohoku
02425,Kazamaura,village,mura,風間浦村,Aomori-ken,02,Tohoku
02426,Sai,village,mura,佐井村,Aomori-ken,02,Tohoku
02441,Sannohe,town,machi,三戸町,Aomori-ken,02,Tohoku
02442,Gonohe,town,machi,五戸町,Aomori-ken,02,Tohoku
02443,Takko,town,machi,田子町,Aomori-ken,02,Tohoku
02445,Nambu,town,cho,南部町,Aomori-ken,02,Tohoku
02446,Hashikami,town,cho,階上町,Aomori-ken,02,Tohoku
02450,Shingo,village,mura,新郷村,Aomori-ken,02,Tohoku
03201,Morioka,city,shi,盛岡市,Iwate-ken,03,Tohoku
03202,Miyako,city,shi,宮古市,Iwate-ken,03,Tohoku
03203,Ofunato,city,shi,大船渡市,Iwate-ken,03,Tohoku
03205,Hanamaki,city,shi,花巻市,Iwate-ken,03,Tohoku
03206,Kitakami,city,shi,北上市,Iwate-ken,03,Tohoku
03207,Kuji,city,shi,久慈市,Iwate-ken,03,Tohoku
03208,Tono,city,shi,遠野市,Iwate-ken,03,Tohoku
03209,Ichinoseki,city,shi,一関市,Iwate-ken,03,Tohoku
03210,Rikuzentakata,city,shi,陸前高田市,Iwate-ken,03,Tohoku
03211,Kamaishi,city,shi,釜石市,Iwate-ken,03,Tohoku
03213,Ninohe,city,shi,二戸市,Iwate-ken,03,Tohoku
03214,Hachimantai,city,shi,八幡平市,Iwate-ken,03,Tohoku
03215,Oshu,city,shi,奥州市,Iwate-ken,03,Tohoku
03216,Takizawashi,city,shi,滝沢市,Iwate-ken,03,Tohoku
03301,Shizukuishi,town,cho,雫石町,Iwate-ken,03,Tohoku
03302,Kuzumaki,town,machi,葛巻町,Iwate-ken,03,Tohoku
03303,Iwate,town,machi,岩手町,Iwate-ken,03,Tohoku
03321,Shiwa,town,cho,紫波町,Iwate-ken,03,Tohoku
03322,Yahaba,town,cho,矢巾町,Iwate-ken,03,Tohoku
03366,Nishiwaga,town,machi,西和賀町,Iwate-ken,03,Tohoku
03381,Kanegasaki,town,cho,金ケ崎町,Iwate-ken,03,Tohoku
03402,Hiraizumi,town,cho,平泉町,Iwate-ken,03,Tohoku
03441,Sumita,town,cho,住田町,Iwate-ken,03,Tohoku
03461,Otsuchi,town,cho,大槌町,Iwate-ken,03,Tohoku
03482,Yamada,town,machi,山田町,Iwate-ken,03,Tohoku
03483,Iwaizumi,town,cho,岩泉町,Iwate-ken,03,Tohoku
03484,Tanohata,village,mura,田野畑村,Iwate-ken,03,Tohoku
03485,Fudai,village,mura,普代村,Iwate-ken,03,Tohoku
03501,Karumai,town,machi,軽米町,Iwate-ken,03,Tohoku
03503,Noda,village,mura,野田村,Iwate-ken,03,Tohoku
03506,Kunohe,village,mura,九戸村,Iwate-ken,03,Tohoku
03507,Hirono,town,cho,洋野町,Iwate-ken,03,Tohoku
03524,Ichinohe,town,machi,一戸町,Iwate-ken,03,Tohoku
04100,Sendai,city,shi,仙台市,Miyagi-ken,04,Tohoku
04202,Ishinomaki,city,shi,石巻市,Miyagi-ken,04,Tohoku
04203,Shiogama,city,shi,塩竈市,Miyagi-ken,04,Tohoku
04205,Kesennuma,city,shi,気仙沼市,Miyagi-ken,04,Tohoku
04206,Shiroishi,city,shi,白石市,Miyagi-ken,04,Tohoku
04207,Natori,city,shi,名取市,Miyagi-ken,04,Tohoku
04208,Kakuda,city,shi,角田市,Miyagi-ken,04,Tohoku
04209,Tagajo,city,shi,多賀城市,Miyagi-ken,04,Tohoku
04211,Iwanuma,city,shi,岩沼市,Miyagi-ken,04,Tohoku
04212,Tome,city,shi,登米市,Miyagi-ken,04,Tohoku
04213,Kurihara,city,shi,栗原市,Miyagi-ken,04,Tohoku
04214,Higashimatsushima,city,shi,東松島市,Miyagi-ken,04,Tohoku
04215,Osaki,city,shi,大崎市,Miyagi-ken,04,Tohoku
04301,Zao,town,machi,蔵王町,Miyagi-ken,04,Tohoku
04302,Shichikashuku,town,machi,七ヶ宿町,Miyagi-ken,04,Tohoku
04321,Ogawara,town,machi,大河原町,Miyagi-ken,04,Tohoku
04322,Murata,town,machi,村田町,Miyagi-ken,04,Tohoku
04323,Shibata,town,machi,柴田町,Miyagi-ken,04,Tohoku
04324,Kawasaki,town,machi,川崎町,Miyagi-ken,04,Tohoku
04341,Marumori,town,machi,丸森町,Miyagi-ken,04,Tohoku
04361,Watari,town,cho,亘理町,Miyagi-ken,04,Tohoku
04362,Yamamoto,town,cho,山元町,Miyagi-ken,04,Tohoku
04401,Matsushima,town,machi,松島町,Miyagi-ken,04,Tohoku
04404,Shichigahama,town,machi,七ヶ浜町,Miyagi-ken,04,Tohoku
04406,Rifu,town,cho,利府町,Miyagi-ken,04,Tohoku
04421,Taiwa,town,cho,大和町,Miyagi-ken,04,Tohoku
04422,Osato,town,cho,大郷町,Miyagi-ken,04,Tohoku
04424,Ohira,village,mura,大衡村,Miyagi-ken,04,Tohoku
04444,Shikama,town,cho,色麻町,Miyagi-ken,04,Tohoku
04445,Kami,town,machi,加美町,Miyagi-ken,04,Tohoku
04501,Wakuya,town,cho,涌谷町,Miyagi-ken,04,Tohoku
04505,Misato,town,machi,美里町,Miyagi-ken,04,Tohoku
04581,Onagawa,town,cho,女川町,Miyagi-ken,04,Tohoku
04606,Minamisanriku,town,cho,南三陸町,Miyagi-ken,04,Tohoku
05201,Akita,city,shi,秋田市,Akita-ken,05,Tohoku
05202,Noshiro,city,shi,能代市,Akita-ken,05,Tohoku
05203,Yokote,city,shi,横手市,Akita-ken,05,Tohoku
05204,Odate,city,shi,大館市,Akita-ken,05,Tohoku
05206,Oga,city,shi,男鹿市,Akita-ken,05,Tohoku
05207,Yuzawa,city,shi,湯沢市,Akita-ken,05,Tohoku
05209,Kazuno,city,shi,鹿角市,Akita-ken,05,Tohoku
05210,Yurihonjo,city,shi,由利本荘市,Akita-ken,05,Tohoku
05211,Katagami,city,shi,潟上市,Akita-ken,05,Tohoku
05212,Daisen,city,shi,大仙市,Akita-ken,05,Tohoku
05213,Kitaakita,city,shi,北秋田市,Akita-ken,05,Tohoku
05214,Nikaho,city,shi,にかほ市,Akita-ken,05,Tohoku
05215,Semboku,city,shi,仙北市,Akita-ken,05,Tohoku
05303,Kosaka,town,machi,小坂町,Akita-ken,05,Tohoku
05327,Kamikoani,village,mura,上小阿仁村,Akita-ken,05,Tohoku
05346,Fujisato,town,machi,藤里町,Akita-ken,05,Tohoku
05348,Mitane,town,cho,三種町,Akita-ken,05,Tohoku
05349,Happou,town,cho,八峰町,Akita-ken,05,Tohoku
05361,Gojome,town,machi,五城目町,Akita-ken,05,Tohoku
05363,Hachirogata,town,machi,八郎潟町,Akita-ken,05,Tohoku
05366,Ikawa,town,machi,井川町,Akita-ken,05,Tohoku
05368,Ogata,village,mura,大潟村,Akita-ken,05,Tohoku
05434,Misato,town,cho,美郷町,Akita-ken,05,Tohoku
05463,Ugo,town,machi,羽後町,Akita-ken,05,Tohoku
05464,Higashinaruse,village,mura,東成瀬村,Akita-ken,05,Tohoku
06201,Yamagata,city,shi,山形市,Yamagata-ken,06,Tohoku
06202,Yonezawa,city,shi,米沢市,Yamagata-ken,06,Tohoku
06203,Tsuruoka,city,shi,鶴岡市,Yamagata-ken,06,Tohoku
06204,Sakata,city,shi,酒田市,Yamagata-ken,06,Tohoku
06205,Shinjo,city,shi,新庄市,Yamagata-ken,06,Tohoku
06206,Sagae,city,shi,寒河江市,Yamagata-ken,06,Tohoku
06207,Kaminoyama,city,shi,上山市,Yamagata-ken,06,Tohoku
06208,Murayama,city,shi,村山市,Yamagata-ken,06,Tohoku
06209,Nagai,city,shi,長井市,Yamagata-ken,06,Tohoku
06210,Tendo,city,shi,天童市,Yamagata-ken,06,Tohoku
06211,Higashine,city,shi,東根市,Yamagata-ken,06,Tohoku
06212,Obanazawa,city,shi,尾花沢市,Yamagata-ken,06,Tohoku
06213,Nanyo,city,shi,南陽市,Yamagata-ken,06,Tohoku
06301,Yamanobe,town,machi,山辺町,Yamagata-ken,06,Tohoku
06302,Nakayama,town,machi,中山町,Yamagata-ken,06,Tohoku
06321,Kahoku,town,cho,河北町,Yamagata-ken,06,Tohoku
06322,Nishikawa,town,machi,西川町,Yamagata-ken,06,Tohoku
06323,Asahi,town,machi,朝日町,Yamagata-ken,06,Tohoku
06324,Oe,town,machi,大江町,Yamagata-ken,06,Tohoku
06341,Oishida,town,machi,大石田町,Yamagata-ken,06,Tohoku
06361,Kaneyama,town,machi,金山町,Yamagata-ken,06,Tohoku
06362,Mogami,town,machi,最上町,Yamagata-ken,06,Tohoku
06363,Funagata,town,machi,舟形町,Yamagata-ken,06,Tohoku
06364,Mamurogawa,town,machi,真室川町,Yamagata-ken,06,Tohoku
06365,Okura,village,mura,大蔵村,Yamagata-ken,06,Tohoku
06366,Sakegawa,village,mura,鮭川村,Yamagata-ken,06,Tohoku
06367,Tozawa,village,mura,戸沢村,Yamagata-ken,06,Tohoku
06381,Takahata,town,machi,高畠町,Yamagata-ken,06,Tohoku
06382,Kawanishi,town,machi,川西町,Yamagata-ken,06,Tohoku
06401,Oguni,town,machi,小国町,Yamagata-ken,06,Tohoku
06402,Shirataka,town,machi,白鷹町,Yamagata-ken,06,Tohoku
06403,Iide,town,machi,飯豊町,Yamagata-ken,06,Tohoku
06426,Mikawa,town,machi,三川町,Yamagata-ken,06,Tohoku
06428,Shonai,town,machi,庄内町,Yamagata-ken,06,Tohoku
06461,Yuza,town,machi,遊佐町,Yamagata-ken,06,Tohoku
07201,Fukushima,city,shi,福島市,Fukushima-ken,07,Tohoku
07202,Aizuwakamatsu,city,shi,会津若松市,Fukushima-ken,07,Tohoku
07203,Koriyama,city,shi,郡山市,Fukushima-ken,07,Tohoku
07204,Iwaki,city,shi,いわき市,Fukushima-ken,07,Tohoku
07205,Shirakawa,city,shi,白河市,Fukushima-ken,07,Tohoku
07207,Sukagawa,city,shi,須賀川市,Fukushima-ken,07,Tohoku
07208,Kitakata,city,shi,喜多方市,Fukushima-ken,07,Tohoku
07209,Soma,city,shi,相馬市,Fukushima-ken,07,Tohoku
07210,Nihonmatsu,city,shi,二本松市,Fukushima-ken,07,Tohoku
07211,Tamura,city,shi,田村市,Fukushima-ken,07,Tohoku
07212,Minamisoma,city,shi,南相馬市,Fukushima-ken,07,Tohoku
07213,Date,city,shi,伊達市,Fukushima-ken,07,Tohoku
07214,Motomiya,city,shi,本宮市,Fukushima-ken,07,Tohoku
07301,Kori,town,machi,桑折町,Fukushima-ken,07,Tohoku
07303,Kunimi,town,machi,国見町,Fukushima-ken,07,Tohoku
07308,Kawamata,town,machi,川俣町,Fukushima-ken,07,Tohoku
07322,Otama,village,mura,大玉村,Fukushima-ken,07,Tohoku
07342,Kagamiishi,town,machi,鏡石町,Fukushima-ken,07,Tohoku
07344,Tenei,village,mura,天栄村,Fukushima-ken,07,Tohoku
07362,Shimogo,town,machi,下郷町,Fukushima-ken,07,Tohoku
07364,Hinoemata,village,mura,檜枝岐村,Fukushima-ken,07,Tohoku
07367,Tadami,town,machi,只見町,Fukushima-ken,07,Tohoku
07368,Minamiaizu,town,machi,南会津町,Fukushima-ken,07,Tohoku
07402,Kitashiobara,village,mura,北塩原村,Fukushima-ken,07,Tohoku
07405,Nishiaizu,town,machi,西会津町,Fukushima-ken,07,Tohoku
07407,Bandai,town,machi,磐梯町,Fukushima-ken,07,Tohoku
07408,Inawashiro,town,machi,猪苗代町,Fukushima-ken,07,Tohoku
07421,Aizubange,town,machi,会津坂下町,Fukushima-ken,07,Tohoku
07422,Yugawa,village,mura,湯川村,Fukushima-ken,07,Tohoku
07423,Yanaizu,town,machi,柳津町,Fukushima-ken,07,Tohoku
07444,Mishima,town,machi,三島町,Fukushima-ken,07,Tohoku
07445,Kaneyama,town,machi,金山町,Fukushima-ken,07,Tohoku
07446,Showa,village,mura,昭和村,Fukushima-ken,07,Tohoku
07447,Aizumisato,town,machi,会津美里町,Fukushima-ken,07,Tohoku
07461,Nishigo,village,mura,西郷村,Fukushima-ken,07,Tohoku
07464,Izumizaki,village,mura,泉崎村,Fukushima-ken,07,Tohoku
07465,Nakajima,village,mura,中島村,Fukushima-ken,07,Tohoku
07466,Yabuki,town,machi,矢吹町,Fukushima-ken,07,Tohoku
07481,Tanagura,town,machi,棚倉町,Fukushima-ken,07,Tohoku
07482,Yamatsuri,town,machi,矢祭町,Fukushima-ken,07,Tohoku
07483,Hanawa,town,machi,塙町,Fukushima-ken,07,Tohoku
07484,Samegawa,village,mura,鮫川村,Fukushima-ken,07,Tohoku
07501,Ishikawa,town,machi,石川町,Fukushima-ken,07,Tohoku
07502,Tamakawa,village,mura,玉川村,Fukushima-ken,07,Tohoku
07503,Hirata,village,mura,平田村,Fukushima-ken,07,Tohoku
07504,Asakawa,town,machi,浅川町,Fukushima-ken,07,Tohoku
07505,Furudono,town,machi,古殿町,Fukushima-ken,07,Tohoku
07521,Miharu,town,machi,三春町,Fukushima-ken,07,Tohoku
07522,Ono,town,machi,小野町,Fukushima-ken,07,Tohoku
07541,Hirono,town,machi,広野町,Fukushima-ken,07,Tohoku
07542,Naraha,town,machi,楢葉町,Fukushima-ken,07,Tohoku
07543,Tomioka,town,machi,富岡町,Fukushima-ken,07,Tohoku
07544,Kawauchi,village,mura,川内村,Fukushima-ken,07,Tohoku
07545,Okuma,town,machi,大熊町,Fukushima-ken,07,Tohoku
07546,Futaba,town,machi,双葉町,Fukushima-ken,07,Tohoku
07547,Namie,town,machi,浪江町,Fukushima-ken,07,Tohoku
07548,Katsurao,village,mura,葛尾村,Fukushima-ken,07,Tohoku
07561,Shinchi,town,machi,新地町,Fukushima-ken,07,Tohoku
07564,Iitate,village,mura,飯舘村,Fukushima-ken,07,Tohoku
08201,Mito,city,shi,水戸市,Ibaraki-ken,08,Kanto
08202,Hitachi,city,shi,日立市,Ibaraki-ken,08,Kanto
08203,Tsuchiura,city,shi,土浦市,Ibaraki-ken,08,Kanto
08204,Koga,city,shi,古河市,Ibaraki-ken,08,Kanto
08205,Ishioka,city,shi,石岡市,Ibaraki-ken,08,Kanto
08207,Yuki,city,shi,結城市,Ibaraki-ken,08,Kanto
08208,Ryugasaki,city,shi,龍ケ崎市,Ibaraki-ken,08,Kanto
08210,Shimotsuma,city,shi,下妻市,Ibaraki-ken,08,Kanto
08211,Joso,city,shi,常総市,Ibaraki-ken,08,Kanto
08212,Hitachiota,city,shi,常陸太田市,Ibaraki-ken,08,Kanto
08214,Takahagi,city,shi,高萩市,Ibaraki-ken,08,Kanto
08215,Kitaibaraki,city,shi,北茨城市,Ibaraki-ken,08,Kanto
08216,Kasama,city,shi,笠間市,Ibaraki-ken,08,Kanto
08217,Toride,city,shi,取手市,Ibaraki-ken,08,Kanto
08219,Ushiku,city,shi,牛久市,Ibaraki-ken,08,Kanto
08220,Tsukuba,city,shi,つくば市,Ibaraki-ken,08,Kanto
08221,Hitachinaka,city,shi,ひたちなか市,Ibaraki-ken,08,Kanto
08222,Kashima,city,shi,鹿嶋市,Ibaraki-ken,08,Kanto
08223,Itako,city,shi,潮来市,Ibaraki-ken,08,Kanto
08224,Moriya,city,shi,守谷市,Ibaraki-ken,08,Kanto
08225,Hitachiomiya,city,shi,常陸大宮市,Ibaraki-ken,08,Kanto
08226,Naka,city,shi,那珂市,Ibaraki-ken,08,Kanto
08227,Chikusei,city,shi,筑西市,Ibaraki-ken,08,Kanto
08228,Bando,city,shi,坂東市,Ibaraki-ken,08,Kanto
08229,Inashiki,city,shi,稲敷市,Ibaraki-ken,08,Kanto
08230,Kasumigaura,city,shi,かすみがうら市,Ibaraki-ken,08,Kanto
08231,Sakuragawa,city,shi,桜川市,Ibaraki-ken,08,Kanto
08232,Kamisu,city,shi,神栖市,Ibaraki-ken,08,Kanto
08233,Namegata,city,shi,行方市,Ibaraki-ken,08,Kanto
08234,Hokota,city,shi,鉾田市,Ibaraki-ken,08,Kanto
08235,Tsukubamirai,city,shi,つくばみらい市,Ibaraki-ken,08,Kanto
08236,Omitama,city,shi,小美玉市,Ibaraki-ken,08,Kanto
08302,Ibaraki,town,machi,茨城町,Ibaraki-ken,08,Kanto
08309,Oarai,town,machi,大洗町,Ibaraki-ken,08,Kanto
08310,Shirosato,town,machi,城里町,Ibaraki-ken,08,Kanto
08341,Tokai,village,mura,東海村,Ibaraki-ken,08,Kanto
08364,Daigo,town,machi,大子町,Ibaraki-ken,08,Kanto
08442,Miho,village,mura,美浦村,Ibaraki-ken,08,Kanto
08443,Ami,town,machi,阿見町,Ibaraki-ken,08,Kanto
08447,Kawachi,town,machi,河内町,Ibaraki-ken,08,Kanto
08521,Yachiyo,town,machi,八千代町,Ibaraki-ken,08,Kanto
08542,Goka,town,machi,五霞町,Ibaraki-ken,08,Kanto
08546,Sakai,town,machi,境町,Ibaraki-ken,08,Kanto
08564,Tone,town,machi,利根町,Ibaraki-ken,08,Kanto
09201,Utsunomiya,city,shi,宇都宮市,Tochigi-ken,09,Kanto
09202,Ashikaga,city,shi,足利市,Tochigi-ken,09,Kanto
09203,Tochigi,city,shi,栃木市,Tochigi-ken,09,Kanto
09204,Sano,city,shi,佐野市,Tochigi-ken,09,Kanto
09205,Kanuma,city,shi,鹿沼市,Tochigi-ken,09,Kanto
09206,Nikko,city,shi,日光市,Tochigi-ken,09,Kanto
09208,Oyama,city,shi,小山市,Tochigi-ken,09,Kanto
09209,Moka,city,shi,真岡市,Tochigi-ken,09,Kanto
09210,Ohtawara,city,shi,大田原市,Tochigi-ken,09,Kanto
09211,Yaita,city,shi,矢板市,Tochigi-ken,09,Kanto
09213,Nasushiobara,city,shi,那須塩原市,Tochigi-ken,09,Kanto
09214,Sakura,city,shi,さくら市,Tochigi-ken,09,Kanto
09215,Nasukarasuyama,city,shi,那須烏山市,Tochigi-ken,09,Kanto
09216,Shimotsuke,city,shi,下野市,Tochigi-ken,09,Kanto
09301,Kaminokawa,town,machi,上三川町,Tochigi-ken,09,Kanto
09342,Mashiko,town,machi,益子町,Tochigi-ken,09,Kanto
09343,Motegi,town,machi,茂木町,Tochigi-ken,09,Kanto
09344,Ichikai,town,machi,市貝町,Tochigi-ken,09,Kanto
09345,Haga,town,machi,芳賀町,Tochigi-ken,09,Kanto
09361,Mibu,town,machi,壬生町,Tochigi-ken,09,Kanto
09364,Nogi,town,machi,野木町,Tochigi-ken,09,Kanto
09384,Shioya,town,machi,塩谷町,Tochigi-ken,09,Kanto
09386,Takanezawa,town,machi,高根沢町,Tochigi-ken,09,Kanto
09407,Nasu,town,machi,那須町,Tochigi-ken,09,Kanto
09411,Nakagawa,town,machi,那珂川町,Tochigi-ken,09,Kanto
10201,Maebashi,city,shi,前橋市,Gumma-ken,10,Kanto
10202,Takasaki,city,shi,高崎市,Gumma-ken,10,Kanto
10203,Kiryu,city,shi,桐生市,Gumma-ken,10,Kanto
10204,Isesaki,city,shi,伊勢崎市,Gumma-ken,10,Kanto
10205,Ota,city,shi,太田市,Gumma-ken,10,Kanto
10206,Numata,city,shi,沼田市,Gumma-ken,10,Kanto
10207,Tatebayashi,city,shi,館林市,Gumma-ken,10,Kanto
10208,Shibukawa,city,shi,渋川市,Gumma-ken,10,Kanto
10209,Fujioka,city,shi,藤岡市,Gumma-ken,10,Kanto
10210,Tomioka,city,shi,富岡市,Gumma-ken,10,Kanto
10211,Annaka,city,shi,安中市,Gumma-ken,10,Kanto
10212,Midori,city,shi,みどり市,Gumma-ken,10,Kanto
10344,Shinto,village,mura,榛東村,Gumma-ken,10,Kanto
10345,Yoshioka,town,machi,吉岡町,Gumma-ken,10,Kanto
10366,Ueno,village,mura,上野村,Gumma-ken,10,Kanto
10367,Kanna,town,machi,神流町,Gumma-ken,10,Kanto
10382,Shimonita,town,machi,下仁田町,Gumma-ken,10,Kanto
10383,Nammoku,village,mura,南牧村,Gumma-ken,10,Kanto
10384,Kanra,town,machi,甘楽町,Gumma-ken,10,Kanto
10421,Nakanojo,town,machi,中之条町,Gumma-ken,10,Kanto
10424,Naganohara,town,machi,長野原町,Gumma-ken,10,Kanto
10425,Tsumagoi,village,mura,嬬恋村,Gumma-ken,10,Kanto
10426,Kusatsu,town,machi,草津町,Gumma-ken,10,Kanto
10428,Takayama,village,mura,高山村,Gumma-ken,10,Kanto
10429,Higashiagatsuma,town,machi,東吾妻町,Gumma-ken,10,Kanto
10443,Katashina,village,mura,片品村,Gumma-ken,10,Kanto
10444,Kawaba,village,mura,川場村,Gumma-ken,10,Kanto
10448,Showa,village,mura,昭和村,Gumma-ken,10,Kanto
10449,Minakami,town,machi,みなかみ町,Gumma-ken,10,Kanto
10464,Tamamura,town,machi,玉村町,Gumma-ken,10,Kanto
10521,Itakura,town,machi,板倉町,Gumma-ken,10,Kanto
10522,Meiwa,town,machi,明和町,Gumma-ken,10,Kanto
10523,Chiyoda,town,machi,千代田町,Gumma-ken,10,Kanto
10524,Oizumi,town,machi,大泉町,Gumma-ken,10,Kanto
10525,Ora,town,machi,邑楽町,Gumma-ken,10,Kanto
11100,Saitama,city,shi,さいたま市,Saitama-ken,11,Kanto
11201,Kawagoe,city,shi,川越市,Saitama-ken,11,Kanto
11202,Kumagaya,city,shi,熊谷市,Saitama-ken,11,Kanto
11203,Kawaguchi,city,shi,川口市,Saitama-ken,11,Kanto
11206,Gyoda,city,shi,行田市,Saitama-ken,11,Kanto
11207,Chichibu,city,shi,秩父市,Saitama-ken,11,Kanto
11208,Tokorozawa,city,shi,所沢市,Saitama-ken,11,Kanto
11209,Hanno,city,shi,飯能市,Saitama-ken,11,Kanto
11210,Kazo,city,shi,加須市,Saitama-ken,11,Kanto
11211,Honjo,city,shi,本庄市,Saitama-ken,11,Kanto
11212,Higashimatsuyama,city,shi,東松山市,Saitama-ken,11,Kanto
11214,Kasukabe,city,shi,春日部市,Saitama-ken,11,Kanto
11215,Sayama,city,shi,狭山市,Saitama-ken,11,Kanto
11216,Hanyu,city,shi,羽生市,Saitama-ken,11,Kanto
11217,Konosu,city,shi,鴻巣市,Saitama-ken,11,Kanto
11218,Fukaya,city,shi,深谷市,Saitama-ken,11,Kanto
11219,Ageo,city,shi,上尾市,Saitama-ken,11,Kanto
11221,Soka,city,shi,草加市,Saitama-ken,11,Kanto
11222,Koshigaya,city,shi,越谷市,Saitama-ken,11,Kanto
11223,Warabi,city,shi,蕨市,Saitama-ken,11,Kanto
11224,Toda,city,shi,戸田市,Saitama-ken,11,Kanto
11225,Iruma,city,shi,入間市,Saitama-ken,11,Kanto
11227,Asaka,city,shi,朝霞市,Saitama-ken,11,Kanto
11228,Shiki,city,shi,志木市,Saitama-ken,11,Kanto
11229,Wako,city,shi,和光市,Saitama-ken,11,Kanto
11230,Niiza,city,shi,新座市,Saitama-ken,11,Kanto
11231,Okegawa,city,shi,桶川市,Saitama-ken,11,Kanto
11232,Kuki,city,shi,久喜市,Saitama-ken,11,Kanto
11233,Kitamoto,city,shi,北本市,Saitama-ken,11,Kanto
11234,Yashio,city,shi,八潮市,Saitama-ken,11,Kanto
11235,Fujimi,city,shi,富士見市,Saitama-ken,11,Kanto
11237,Misato,city,shi,三郷市,Saitama-ken,11,Kanto
11238,Hasuda,city,shi,蓮田市,Saitama-ken,11,Kanto
11239,Sakado,city,shi,坂戸市,Saitama-ken,11,Kanto
11240,Satte,city,shi,幸手市,Saitama-ken,11,Kanto
11241,Tsurugashima,city,shi,鶴ヶ島市,Saitama-ken,11,Kanto
11242,Hidaka,city,shi,日高市,Saitama-ken,11,Kanto
11243,Yoshikawa,city,shi,吉川市,Saitama-ken,11,Kanto
11245,Fujimino,city,shi,ふじみ野市,Saitama-ken,11,Kanto
11246,Shiraoka,city,shi,白岡市,Saitama-ken,11,Kanto
11301,Ina,town,machi,伊奈町,Saitama-ken,11,Kanto
11324,Miyoshi,town,machi,三芳町,Saitama-ken,11,Kanto
11326,Moroyama,town,machi,毛呂山町,Saitama-ken,11,Kanto
11327,Ogose,town,machi,越生町,Saitama-ken,11,Kanto
11341,Namegawa,town,machi,滑川町,Saitama-ken,11,Kanto
11342,Ranzan,town,machi,嵐山町,Saitama-ken,11,Kanto
11343,Ogawa,town,machi,小川町,Saitama-ken,11,Kanto
11346,Kawajima,town,machi,川島町,Saitama-ken,11,Kanto
11347,Yoshimi,town,machi,吉見町,Saitama-ken,11,Kanto
11348,Hatoyama,town,machi,鳩山町,Saitama-ken,11,Kanto
11349,Tokigawa,town,machi,ときがわ町,Saitama-ken,11,Kanto
11361,Yokoze,town,machi,横瀬町,Saitama-ken,11,Kanto
11362,Minano,town,machi,皆野町,Saitama-ken,11,Kanto
11363,Nagatoro,town,machi,長瀞町,Saitama-ken,11,Kanto
11365,Ogano,town,machi,小鹿野町,Saitama-ken,11,Kanto
11369,Higashichichibu,village,mura,東秩父村,Saitama-ken,11,Kanto
11381,Misato,town,machi,美里町,Saitama-ken,11,Kanto
11383,Kamikawa,town,machi,神川町,Saitama-ken,11,Kanto
11385,Kamisato,town,machi,上里町,Saitama-ken,11,Kanto
11408,Yorii,town,machi,寄居町,Saitama-ken,11,Kanto
11442,Miyashiro,town,machi,宮代町,Saitama-ken,11,Kanto
11464,Sugito,town,machi,杉戸町,Saitama-ken,11,Kanto
11465,Matsubushi,town,machi,松伏町,Saitama-ken,11,Kanto
12100,Chiba,city,shi,千葉市,Chiba-ken,12,Kanto
12202,Choshi,city,shi,銚子市,Chiba-ken,12,Kanto
12203,Ichikawa,city,shi,市川市,Chiba-ken,12,Kanto
12204,Funabashi,city,shi,船橋市,Chiba-ken,12,Kanto
12205,Tateyama,city,shi,館山市,Chiba-ken,12,Kanto
12206,Kisarazu,city,shi,木更津市,Chiba-ken,12,Kanto
12207,Matsudo,city,shi,松戸市,Chiba-ken,12,Kanto
12208,Noda,city,shi,野田市,Chiba-ken,12,Kanto
12210,Mobara,city,shi,茂原市,Chiba-ken,12,Kanto
12211,Narita,city,shi,成田市,Chiba-ken,12,Kanto
12212,Sakura,city,shi,佐倉市,Chiba-ken,12,Kanto
12213,Togane,city,shi,東金市,Chiba-ken,12,Kanto
12215,Asahi,city,shi,旭市,Chiba-ken,12,Kanto
12216,Narashino,city,shi,習志野市,Chiba-ken,12,Kanto
12217,Kashiwa,city,shi,柏市,Chiba-ken,12,Kanto
12218,Katsuura,city,shi,勝浦市,Chiba-ken,12,Kanto
12219,Ichihara,city,shi,市原市,Chiba-ken,12,Kanto
12220,Nagareyama,city,shi,流山市,Chiba-ken,12,Kanto
12221,Yachiyo,city,shi,八千代市,Chiba-ken,12,Kanto
12222,Abiko,city,shi,我孫子市,Chiba-ken,12,Kanto
12223,Kamogawa,city,shi,鴨川市,Chiba-ken,12,Kanto
12224,Kamagaya,city,shi,鎌ケ谷市,Chiba-ken,12,Kanto
12225,Kimitsu,city,shi,君津市,Chiba-ken,12,Kanto
12226,Futtsu,city,shi,富津市,Chiba-ken,12,Kanto
12227,Urayasu,city,shi,浦安市,Chiba-ken,12,Kanto
12228,Yotsukaido,city,shi,四街道市,Chiba-ken,12,Kanto
12229,Sodegaura,city,shi,袖ケ浦市,Chiba-ken,12,Kanto
12230,Yachimata,city,shi,八街市,Chiba-ken,12,Kanto
12231,Inzai,city,shi,印西市,Chiba-ken,12,Kanto
12232,Shiroi,city,shi,白井市,Chiba-ken,12,Kanto
12233,Tomisato,city,shi,富里市,Chiba-ken,12,Kanto
12234,Minamiboso,city,shi,南房総市,Chiba-ken,12,Kanto
12235,Sosa,city,shi,匝瑳市,Chiba-ken,12,Kanto
12236,Katori,city,shi,香取市,Chiba-ken,12,Kanto
12237,Sammu,city,shi,山武市,Chiba-ken,12,Kanto
12238,Isumi,city,shi,いすみ市,Chiba-ken,12,Kanto
12239,Oamishirasato,city,shi,大網白里市,Chiba-ken,12,Kanto
12322,Shisui,town,machi,酒々井町,Chiba-ken,12,Kanto
12329,Sakae,town,machi,栄町,Chiba-ken,12,Kanto
12342,Kozaki,town,machi,神崎町,Chiba-ken,12,Kanto
12347,Tako,town,machi,多古町,Chiba-ken,12,Kanto
12349,Tonosho,town,machi,東庄町,Chiba-ken,12,Kanto
12403,Kujukuri,town,machi,九十九里町,Chiba-ken,12,Kanto
12409,Shibayama,town,machi,芝山町,Chiba-ken,12,Kanto
12410,Yokoshibahikari,town,machi,横芝光町,Chiba-ken,12,Kanto
12421,Ichinomiya,town,machi,一宮町,Chiba-ken,12,Kanto
12422,Mutsuzawa,town,machi,睦沢町,Chiba-ken,12,Kanto
12423,Chosei,village,mura,長生村,Chiba-ken,12,Kanto
12424,Shirako,town,machi,白子町,Chiba-ken,12,Kanto
12426,Nagara,town,machi,長柄町,Chiba-ken,12,Kanto
12427,Chonan,town,machi,長南町,Chiba-ken,12,Kanto
12441,Otaki,town,machi,大多喜町,Chiba-ken,12,Kanto
12443,Onjuku,town,machi,御宿町,Chiba-ken,12,Kanto
12463,Kyonan,town,machi,鋸南町,Chiba-ken,12,Kanto
13101,Chiyoda,ward,ku,千代田区,Tokyo-to,13,Kanto
13102,Chuo,ward,ku,中央区,Tokyo-to,13,Kanto
13103,Minato,ward,ku,港区,Tokyo-to,13,Kanto
13104,Shinjuku,ward,ku,新宿区,Tokyo-to,13,Kanto
13105,Bunkyo,ward,ku,文京区,Tokyo-to,13,Kanto
13106,Taito,ward,ku,台東区,Tokyo-to,13,Kanto
13107,Sumida,ward,ku,墨田区,Tokyo-to,13,Kanto
13108,Koto,ward,ku,江東区,Tokyo-to,13,Kanto
13109,Shinagawa,ward,ku,品川区,Tokyo-to,13,Kanto
13110,Meguro,ward,ku,目黒区,Tokyo-to,13,Kanto
13111,Ota,ward,ku,大田区,Tokyo-to,13,Kanto
13112,Setagaya,ward,ku,世田谷区,Tokyo-to,13,Kanto
13113,Shibuya,ward,ku,渋谷区,Tokyo-to,13,Kanto
13114,Nakano,ward,ku,中野区,Tokyo-to,13,Kanto
13115,Suginami,ward,ku,杉並区,Tokyo-to,13,Kanto
13116,Toshima,ward,ku,豊島区,Tokyo-to,13,Kanto
13117,Kita,ward,ku,北区,Tokyo-to,13,Kanto
13118,Arakawa,ward,ku,荒川区,Tokyo-to,13,Kanto
13119,Itabashi,ward,ku,板橋区,Tokyo-to,13,Kanto
13120,Nerima,ward,ku,練馬区,Tokyo-to,13,Kanto
13121,Adachi,ward,ku,足立区,Tokyo-to,13,Kanto
13122,Katsushika,ward,ku,葛飾区,Tokyo-to,13,Kanto
13123,Edogawa,ward,ku,江戸川区,Tokyo-to,13,Kanto
13201,Hachioji,city,shi,八王子市,Tokyo-to,13,Kanto
13202,Tachikawa,city,shi,立川市,Tokyo-to,13,Kanto
13203,Musashino,city,shi,武蔵野市,Tokyo-to,13,Kanto
13204,Mitaka,city,shi,三鷹市,Tokyo-to,13,Kanto
13205,Ome,city,shi,青梅市,Tokyo-to,13,Kanto
13206,Fuchu,city,shi,府中市,Tokyo-to,13,Kanto
13207,Akishima,city,shi,昭島市,Tokyo-to,13,Kanto
13208,Chofu,city,shi,調布市,Tokyo-to,13,Kanto
13209,Machida,city,shi,町田市,Tokyo-to,13,Kanto
13210,Koganei,city,shi,小金井市,Tokyo-to,13,Kanto
13211,Kodaira,city,shi,小平市,Tokyo-to,13,Kanto
13212,Hino,city,shi,日野市,Tokyo-to,13,Kanto
13213,Higashimurayama,city,shi,東村山市,Tokyo-to,13,Kanto
13214,Kokubunji,city,shi,国分寺市,Tokyo-to,13,Kanto
13215,Kunitachi,city,shi,国立市,Tokyo-to,13,Kanto
13218,Fussa,city,shi,福生市,Tokyo-to,13,Kanto
13219,Komae,city,shi,狛江市,Tokyo-to,13,Kanto
13220,Higashiyamato,city,shi,東大和市,Tokyo-to,13,Kanto
13221,Kiyose,city,shi,清瀬市,Tokyo-to,13,Kanto
13222,Higashikurume,city,shi,東久留米市,Tokyo-to,13,Kanto
13223,Musashimurayama,city,shi,武蔵村山市,Tokyo-to,13,Kanto
13224,Tama,city,shi,多摩市,Tokyo-to,13,Kanto
13225,Inagi,city,shi,稲城市,Tokyo-to,13,Kanto
13227,Hamura,city,shi,羽村市,Tokyo-to,13,Kanto
13228,Akiruno,city,shi,あきる野市,Tokyo-to,13,Kanto
13229,Nishitokyo,city,shi,西東京市,Tokyo-to,13,Kanto
13303,Mizuho,town,machi,瑞穂町,Tokyo-to,13,Kanto
13305,Hinode,town,machi,日の出町,Tokyo-to,13,Kanto
13307,Hinohara,village,mura,檜原村,Tokyo-to,13,Kanto
13308,Okutama,town,machi,奥多摩町,Tokyo-to,13,Kanto
13361,Oshima,town,machi,大島町,Tokyo-to,13,Kanto
13362,Toshima,village,mura,利島村,Tokyo-to,13,Kanto
13363,Niijima,village,mura,新島村,Tokyo-to,13,Kanto
13364,Kouzushima,village,mura,神津島村,Tokyo-to,13,Kanto
13381,Miyake,village,mura,三宅村,Tokyo-to,13,Kanto
13382,Mikurajima,village,mura,御蔵島村,Tokyo-to,13,Kanto
13401,Hachijo,town,machi,八丈町,Tokyo-to,13,Kanto
13402,Aogashima,village,mura,青ヶ島村,Tokyo-to,13,Kanto
13421,Ogasawara,village,mura,小笠原村,Tokyo-to,13,Kanto
14100,Yokohama,city,shi,横浜市,Kanagawa-ken,14,Kanto
14130,Kawasaki,city,shi,川崎市,Kanagawa-ken,14,Kanto
14150,Sagamihara,city,shi,相模原市,Kanagawa-ken,14,Kanto
14201,Yokosuka,city,shi,横須賀市,Kanagawa-ken,14,Kanto
14203,Hiratsuka,city,shi,平塚市,Kanagawa-ken,14,Kanto
14204,Kamakura,city,shi,鎌倉市,Kanagawa-ken,14,Kanto
14205,Fujisawa,city,shi,藤沢市,Kanagawa-ken,14,Kanto
14206,Odawara,city,shi,小田原市,Kanagawa-ken,14,Kanto
14207,Chigasaki,city,shi,茅ヶ崎市,Kanagawa-ken,14,Kanto
14208,Zushi,city,shi,逗子市,Kanagawa-ken,14,Kanto
14210,Miura,city,shi,三浦市,Kanagawa-ken,14,Kanto
14211,Hadano,city,shi,秦野市,Kanagawa-ken,14,Kanto
14212,Atsugi,city,shi,厚木市,Kanagawa-ken,14,Kanto
14213,Yamato,city,shi,大和市,Kanagawa-ken,14,Kanto
14214,Isehara,city,shi,伊勢原市,Kanagawa-ken,14,Kanto
14215,Ebina,city,shi,海老名市,Kanagawa-ken,14,Kanto
14216,Zama,city,shi,座間市,Kanagawa-ken,14,Kanto
14217,Minamiashigara,city,shi,南足柄市,Kanagawa-ken,14,Kanto
14218,Ayase,city,shi,綾瀬市,Kanagawa-ken,14,Kanto
14301,Hayama,town,machi,葉山町,Kanagawa-ken,14,Kanto
14321,Samukawa,town,machi,寒川町,Kanagawa-ken,14,Kanto
14341,Oiso,town,machi,大磯町,Kanagawa-ken,14,Kanto
14342,Ninomiya,town,machi,二宮町,Kanagawa-ken,14,Kanto
14361,Nakai,town,machi,中井町,Kanagawa-ken,14,Kanto
14362,Oi,town,machi,大井町,Kanagawa-ken,14,Kanto
14363,Matsuda,town,machi,松田町,Kanagawa-ken,14,Kanto
14364,Yamakita,town,machi,山北町,Kanagawa-ken,14,Kanto
14366,Kaisei,town,machi,開成町,Kanagawa-ken,14,Kanto
14382,Hakone,town,machi,箱根町,Kanagawa-ken,14,Kanto
14383,Manazuru,town,machi,真鶴町,Kanagawa-ken,14,Kanto
14384,Yugawara,town,machi,湯河原町,Kanagawa-ken,14,Kanto
14401,Aikawa,town,machi,愛川町,Kanagawa-ken,14,Kanto
14402,Kiyokawa,village,mura,清川村,Kanagawa-ken,14,Kanto
15100,Niigata,city,shi,新潟市,Niigata-ken,15,Chubu
15202,Nagaoka,city,shi,長岡市,Niigata-ken,15,Chubu
15204,Sanjo,city,shi,三条市,Niigata-ken,15,Chubu
15205,Kashiwazaki,city,shi,柏崎市,Niigata-ken,15,Chubu
15206,Shibata,city,shi,新発田市,Niigata-ken,15,Chubu
15208,Ojiya,city,shi,小千谷市,Niigata-ken,15,Chubu
15209,Kamo,city,shi,加茂市,Niigata-ken,15,Chubu
15210,Tokamachi,city,shi,十日町市,Niigata-ken,15,Chubu
15211,Mitsuke,city,shi,見附市,Niigata-ken,15,Chubu
15212,Murakami,city,shi,村上市,Niigata-ken,15,Chubu
15213,Tsubame,city,shi,燕市,Niigata-ken,15,Chubu
15216,Itoigawa,city,shi,糸魚川市,Niigata-ken,15,Chubu
15217,Myoko,city,shi,妙高市,Niigata-ken,15,Chubu
15218,Gosen,city,shi,五泉市,Niigata-ken,15,Chubu
15222,Joetsu,city,shi,上越市,Niigata-ken,15,Chubu
15223,Agano,city,shi,阿賀野市,Niigata-ken,15,Chubu
15224,Sado,city,shi,佐渡市,Niigata-ken,15,Chubu
15225,Uonuma,city,shi,魚沼市,Niigata-ken,15,Chubu
15226,Minamiuonuma,city,shi,南魚沼市,Niigata-ken,15,Chubu
15227,Tainai,city,shi,胎内市,Niigata-ken,15,Chubu
15307,Seiro,town,machi,聖籠町,Niigata-ken,15,Chubu
15342,Yahiko,village,mura,弥彦村,Niigata-ken,15,Chubu
15361,Tagami,town,machi,田上町,Niigata-ken,15,Chubu
15385,Aga,town,machi,阿賀町,Niigata-ken,15,Chubu
15405,Izumozaki,town,machi,出雲崎町,Niigata-ken,15,Chubu
15461,Yuzawa,town,machi,湯沢町,Niigata-ken,15,Chubu
15482,Tsunan,town,machi,津南町,Niigata-ken,15,Chubu
15504,Kariwa,village,mura,刈羽村,Niigata-ken,15,Chubu
15581,Sekikawa,village,mura,関川村,Niigata-ken,15,Chubu
15586,Awashimaura,village,mura,粟島浦村,Niigata-ken,15,Chubu
16201,Toyama,city,shi,富山市,Toyama-ken,16,Chubu
16202,Takaoka,city,shi,高岡市,Toyama-ken,16,Chubu
16204,Uozu,city,shi,魚津市,Toyama-ken,16,Chubu
16205,Himi,city,shi,氷見市,Toyama-ken,16,Chubu
16206,Namerikawa,city,shi,滑川市,Toyama-ken,16,Chubu
16207,Kurobe,city,shi,黒部市,Toyama-ken,16,Chubu
16208,Tonami,city,shi,砺波市,Toyama-ken,16,Chubu
16209,Oyabe,city,shi,小矢部市,Toyama-ken,16,Chubu
16210,Nanto,city,shi,南砺市,Toyama-ken,16,Chubu
16211,Imizu,city,shi,射水市,Toyama-ken,16,Chubu
16321,Funahashi,village,mura,舟橋村,Toyama-ken,16,Chubu
16322,Kamiichi,town,machi,上市町,Toyama-ken,16,Chubu
16323,Tateyama,town,machi,立山町,Toyama-ken,16,Chubu
16342,Nyuzen,town,machi,入善町,Toyama-ken,16,Chubu
16343,Asahi,town,machi,朝日町,Toyama-ken,16,Chubu
17201,Kanazawa,city,shi,金沢市,Ishikawa-ken,17,Chubu
17202,Nanao,city,shi,七尾市,Ishikawa-ken,17,Chubu
17203,Komatsu,city,shi,小松市,Ishikawa-ken,17,Chubu
17204,Wajima,city,shi,輪島市,Ishikawa-ken,17,Chubu
17205,Suzu,city,shi,珠洲市,Ishikawa-ken,17,Chubu
17206,Kaga,city,shi,加賀市,Ishikawa-ken,17,Chubu
17207,Hakui,city,shi,羽咋市,Ishikawa-ken,17,Chubu
17209,Kahoku,city,shi,かほく市,Ishikawa-ken,17,Chubu
17210,Hakusan,city,shi,白山市,Ishikawa-ken,17,Chubu
17211,Nomi,city,shi,能美市,Ishikawa-ken,17,Chubu
17212,Nonoichi,city,shi,野々市市,Ishikawa-ken,17,Chubu
17324,Kawakita,town,machi,川北町,Ishikawa-ken,17,Chubu
17361,Tsubata,town,machi,津幡町,Ishikawa-ken,17,Chubu
17365,Uchinada,town,machi,内灘町,Ishikawa-ken,17,Chubu
17384,Shika,town,machi,志賀町,Ishikawa-ken,17,Chubu
17386,Hodatsushimizu,town,cho,宝達志水町,Ishikawa-ken,17,Chubu
17407,Nakanoto,town,machi,中能登町,Ishikawa-ken,17,Chubu
17461,Anamizu,town,machi,穴水町,Ishikawa-ken,17,Chubu
17463,Noto,town,cho,能登町,Ishikawa-ken,17,Chubu
18201,Fukui,city,shi,福井市,Fukui-ken,18,Chubu
18202,Tsuruga,city,shi,敦賀市,Fukui-ken,18,Chubu
18204,Obama,city,shi,小浜市,Fukui-ken,18,Chubu
18205,Ono,city,shi,大野市,Fukui-ken,18,Chubu
18206,Katsuyama,city,shi,勝山市,Fukui-ken,18,Chubu
18207,Sabae,city,shi,鯖江市,Fukui-ken,18,Chubu
18208,Awara,city,shi,あわら市,Fukui-ken,18,Chubu
18209,Echizen,city,shi,越前市,Fukui-ken,18,Chubu
18210,Sakai,city,shi,坂井市,Fukui-ken,18,Chubu
18322,Eiheiji,town,cho,永平寺町,Fukui-ken,18,Chubu
18382,Ikeda,town,cho,池田町,Fukui-ken,18,Chubu
18404,Minamiechizen,town,cho,南越前町,Fukui-ken,18,Chubu
18423,Echizen,town,cho,越前町,Fukui-ken,18,Chubu
18442,Mihama,town,cho,美浜町,Fukui-ken,18,Chubu
18481,Takahama,town,cho,高浜町,Fukui-ken,18,Chubu
18483,Ohi,town,cho,おおい町,Fukui-ken,18,Chubu
18501,Wakasa,town,cho,若狭町,Fukui-ken,18,Chubu
19201,Kofu,city,shi,甲府市,Yamanashi-ken,19,Chubu
19202,Fujiyoshida,city,shi,富士吉田市,Yamanashi-ken,19,Chubu
19204,Tsuru,city,shi,都留市,Yamanashi-ken,19,Chubu
19205,Yamanashi,city,shi,山梨市,Yamanashi-ken,19,Chubu
19206,Otsuki,city,shi,大月市,Yamanashi-ken,19,Chubu
19207,Nirasaki,city,shi,韮崎市,Yamanashi-ken,19,Chubu
19208,Minamiarupusu,city,shi,南アルプス市,Yamanashi-ken,19,Chubu
19209,Hokuto,city,shi,北杜市,Yamanashi-ken,19,Chubu
19210,Kai,city,shi,甲斐市,Yamanashi-ken,19,Chubu
19211,Fuefuki,city,shi,笛吹市,Yamanashi-ken,19,Chubu
19212,Uenohara,city,shi,上野原市,Yamanashi-ken,19,Chubu
19213,Koshu,city,shi,甲州市,Yamanashi-ken,19,Chubu
19214,Chuo,city,shi,中央市,Yamanashi-ken,19,Chubu
19346,Ichikawamisato,town,cho,市川三郷町,Yamanashi-ken,19,Chubu
19364,Hayakawa,town,cho,早川町,Yamanashi-ken,19,Chubu
19365,Minobu,town,cho,身延町,Yamanashi-ken,19,Chubu
19366,Nambu,town,cho,南部町,Yamanashi-ken,19,Chubu
19368,Fujikawa,town,cho,富士川町,Yamanashi-ken,19,Chubu
19384,Showa,town,cho,昭和町,Yamanashi-ken,19,Chubu
19422,Doshi,village,mura,道志村,Yamanashi-ken,19,Chubu
19423,Nishikatsura,town,cho,西桂町,Yamanashi-ken,19,Chubu
19424,Oshino,village,mura,忍野村,Yamanashi-ken,19,Chubu
19425,Yamanakako,village,mura,山中湖村,Yamanashi-ken,19,Chubu
19429,Narusawa,village,mura,鳴沢村,Yamanashi-ken,19,Chubu
19430,Fujikawaguchiko,town,machi,富士河口湖町,Yamanashi-ken,19,Chubu
19442,Kosuge,village,mura,小菅村,Yamanashi-ken,19,Chubu
19443,Tabayama,village,mura,丹波山村,Yamanashi-ken,19,Chubu
20201,Nagano,city,shi,長野市,Nagano-ken,20,Chubu
20202,Matsumoto,city,shi,松本市,Nagano-ken,20,Chubu
20203,Ueda,city,shi,上田市,Nagano-ken,20,Chubu
20204,Okaya,city,shi,岡谷市,Nagano-ken,20,Chubu
20205,Iida,city,shi,飯田市,Nagano-ken,20,Chubu
20206,Suwa,city,shi,諏訪市,Nagano-ken,20,Chubu
20207,Suzaka,city,shi,須坂市,Nagano-ken,20,Chubu
20208,Komoro,city,shi,小諸市,Nagano-ken,20,Chubu
20209,Ina,city,shi,伊那市,Nagano-ken,20,Chubu
20210,Komagane,city,shi,駒ヶ根市,Nagano-ken,20,Chubu
20211,Nakano,city,shi,中野市,Nagano-ken,20,Chubu
20212,Omachi,city,shi,大町市,Nagano-ken,20,Chubu
20213,Iiyama,city,shi,飯山市,Nagano-ken,20,Chubu
20214,Chino,city,shi,茅野市,Nagano-ken,20,Chubu
20215,Shiojiri,city,shi,塩尻市,Nagano-ken,20,Chubu
20217,Saku,city,shi,佐久市,Nagano-ken,20,Chubu
20218,Chikuma,city,shi,千曲市,Nagano-ken,20,Chubu
20219,Tomi,city,shi,東御市,Nagano-ken,20,Chubu
20220,Azumino,city,shi,安曇野市,Nagano-ken,20,Chubu
20303,Koumi,town,machi,小海町,Nagano-ken,20,Chubu
20304,Kawakami,village,mura,川上村,Nagano-ken,20,Chubu
20305,Minamimaki,village,mura,南牧村,Nagano-ken,20,Chubu
20306,Minamiaiki,village,mura,南相木村,Nagano-ken,20,Chubu
20307,Kitaaiki,village,mura,北相木村,Nagano-ken,20,Chubu
20309,Sakuho,town,machi,佐久穂町,Nagano-ken,20,Chubu
20321,Karuizawa,town,machi,軽井沢町,Nagano-ken,20,Chubu
20323,Miyota,town,machi,御代田町,Nagano-ken,20,Chubu
20324,Tateshina,town,machi,立科町,Nagano-ken,20,Chubu
20349,Aoki,village,mura,青木村,Nagano-ken,20,Chubu
20350,Nagawa,town,machi,長和町,Nagano-ken,20,Chubu
20361,Shimosuwa,town,machi,下諏訪町,Nagano-ken,20,Chubu
20362,Fujimi,town,machi,富士見町,Nagano-ken,20,Chubu
20363,Hara,village,mura,原村,Nagano-ken,20,Chubu
20382,Tatsuno,town,machi,辰野町,Nagano-ken,20,Chubu
20383,Minowa,town,machi,箕輪町,Nagano-ken,20,Chubu
20384,Iijima,town,machi,飯島町,Nagano-ken,20,Chubu
20385,Minamiminowa,village,mura,南箕輪村,Nagano-ken,20,Chubu
20386,Nakagawa,village,mura,中川村,Nagano-ken,20,Chubu
20388,Miyada,village,mura,宮田村,Nagano-ken,20,Chubu
20402,Matsukawa,town,machi,松川町,Nagano-ken,20,Chubu
20403,Takamori,town,machi,高森町,Nagano-ken,20,Chubu
20404,Anan,town,cho,阿南町,Nagano-ken,20,Chubu
20407,Achi,village,mura,阿智村,Nagano-ken,20,Chubu
20409,Hiraya,village,mura,平谷村,Nagano-ken,20,Chubu
20410,Neba,village,mura,根羽村,Nagano-ken,20,Chubu
20411,Shimojo,village,mura,下條村,Nagano-ken,20,Chubu
20412,Urugi,village,mura,売木村,Nagano-ken,20,Chubu
20413,Tenryu,village,mura,天龍村,Nagano-ken,20,Chubu
20414,Yasuoka,village,mura,泰阜村,Nagano-ken,20,Chubu
20415,Takagi,village,mura,喬木村,Nagano-ken,20,Chubu
20416,Toyooka,village,mura,豊丘村,Nagano-ken,20,Chubu
20417,Oshika,village,mura,大鹿村,Nagano-ken,20,Chubu
20422,Agematsu,town,machi,上松町,Nagano-ken,20,Chubu
20423,Nagiso,town,machi,南木曽町,Nagano-ken,20,Chubu
20425,Kiso,village,mura,木祖村,Nagano-ken,20,Chubu
20429,Otaki,village,mura,王滝村,Nagano-ken,20,Chubu
20430,Okuwa,village,mura,大桑村,Nagano-ken,20,Chubu
20432,Kiso,town,machi,木曽町,Nagano-ken,20,Chubu
20446,Omi,village,mura,麻績村,Nagano-ken,20,Chubu
20448,Ikusaka,village,mura,生坂村,Nagano-ken,20,Chubu
20450,Yamagata,village,mura,山形村,Nagano-ken,20,Chubu
20451,Asahi,village,mura,朝日村,Nagano-ken,20,Chubu
20452,Chikuhoku,village,mura,筑北村,Nagano-ken,20,Chubu
20481,Ikeda,town,machi,池田町,Nagano-ken,20,Chubu
20482,Matsukawa,village,mura,松川村,Nagano-ken,20,Chubu
20485,Hakuba,village,mura,白馬村,Nagano-ken,20,Chubu
20486,Otari,village,mura,小谷村,Nagano-ken,20,Chubu
20521,Sakaki,town,machi,坂城町,Nagano-ken,20,Chubu
20541,Obuse,town,machi,小布施町,Nagano-ken,20,Chubu
20543,Takayama,village,mura,高山村,Nagano-ken,20,Chubu
20561,Yamanouchi,town,machi,山ノ内町,Nagano-ken,20,Chubu
20562,Kijimadaira,village,mura,木島平村,Nagano-ken,20,Chubu
20563,Nozawaonsen,village,mura,野沢温泉村,Nagano-ken,20,Chubu
20583,Shinano,town,machi,信濃町,Nagano-ken,20,Chubu
20588,Ogawa,village,mura,小川村,Nagano-ken,20,Chubu
20590,Iizuna,town,machi,飯綱町,Nagano-ken,20,Chubu
20602,Sakae,village,mura,栄村,Nagano-ken,20,Chubu
21201,Gifu,city,shi,岐阜市,Gifu-ken,21,Chubu
21202,Ogaki,city,shi,大垣市,Gifu-ken,21,Chubu
21203,Takayama,city,shi,高山市,Gifu-ken,21,Chubu
21204,Tajimi,city,shi,多治見市,Gifu-ken,21,Chubu
21205,Seki,city,shi,関市,Gifu-ken,21,Chubu
21206,Nakatsugawa,city,shi,中津川市,Gifu-ken,21,Chubu
21207,Mino,city,shi,美濃市,Gifu-ken,21,Chubu
21208,Mizunami,city,shi,瑞浪市,Gifu-ken,21,Chubu
21209,Hashima,city,shi,羽島市,Gifu-ken,21,Chubu
21210,Ena,city,shi,恵那市,Gifu-ken,21,Chubu
21211,Minokamo,city,shi,美濃加茂市,Gifu-ken,21,Chubu
21212,Toki,city,shi,土岐市,Gifu-ken,21,Chubu
21213,Kakamigahara,city,shi,各務原市,Gifu-ken,21,Chubu
21214,Kani,city,shi,可児市,Gifu-ken,21,Chubu
21215,Yamagata,city,shi,山県市,Gifu-ken,21,Chubu
21216,Mizuho,city,shi,瑞穂市,Gifu-ken,21,Chubu
21217,Hida,city,shi,飛騨市,Gifu-ken,21,Chubu
21218,Motosu,city,shi,本巣市,Gifu-ken,21,Chubu
21219,Gujo,city,shi,郡上市,Gifu-ken,21,Chubu
21220,Gero,city,shi,下呂市,Gifu-ken,21,Chubu
21221,Kaizu,city,shi,海津市,Gifu-ken,21,Chubu
21302,Ginan,town,cho,岐南町,Gifu-ken,21,Chubu
21303,Kasamatsu,town,cho,笠松町,Gifu-ken,21,Chubu
21341,Yoro,town,cho,養老町,Gifu-ken,21,Chubu
21361,Tarui,town,cho,垂井町,Gifu-ken,21,Chubu
21362,Sekigahara,town,cho,関ケ原町,Gifu-ken,21,Chubu
21381,Godo,town,cho,神戸町,Gifu-ken,21,Chubu
21382,Wanouchi,town,cho,輪之内町,Gifu-ken,21,Chubu
21383,Anpachi,town,cho,安八町,Gifu-ken,21,Chubu
21401,Ibigawa,town,cho,揖斐川町,Gifu-ken,21,Chubu
21403,Ono,town,cho,大野町,Gifu-ken,21,Chubu
21404,Ikeda,town,cho,池田町,Gifu-ken,21,Chubu
21421,Kitagata,town,cho,北方町,Gifu-ken,21,Chubu
21501,Sakahogi,town,cho,坂祝町,Gifu-ken,21,Chubu
21502,Tomika,town,cho,富加町,Gifu-ken,21,Chubu
21503,Kawabe,town,cho,川辺町,Gifu-ken,21,Chubu
21504,Hichiso,town,cho,七宗町,Gifu-ken,21,Chubu
21505,Yaotsu,town,cho,八百津町,Gifu-ken,21,Chubu
21506,Shirakawa,town,cho,白川町,Gifu-ken,21,Chubu
21507,Higashishirakawa,village,mura,東白川村,Gifu-ken,21,Chubu
21521,Mitake,town,cho,御嵩町,Gifu-ken,21,Chubu
21604,Shirakawa,village,mura,白川村,Gifu-ken,21,Chubu
22100,Shizuoka,city,shi,静岡市,Shizuoka-ken,22,Chubu
22130,Hamamatsu,city,shi,浜松市,Shizuoka-ken,22,Chubu
22203,Numazu,city,shi,沼津市,Shizuoka-ken,22,Chubu
22205,Atami,city,shi,熱海市,Shizuoka-ken,22,Chubu
22206,Mishima,city,shi,三島市,Shizuoka-ken,22,Chubu
22207,Fujinomiya,city,shi,富士宮市,Shizuoka-ken,22,Chubu
22208,Ito,city,shi,伊東市,Shizuoka-ken,22,Chubu
22209,Shimada,city,shi,島田市,Shizuoka-ken,22,Chubu
22210,Fuji,city,shi,富士市,Shizuoka-ken,22,Chubu
22211,Iwata,city,shi,磐田市,Shizuoka-ken,22,Chubu
22212,Yaizu,city,shi,焼津市,Shizuoka-ken,22,Chubu
22213,Kakegawa,city,shi,掛川市,Shizuoka-ken,22,Chubu
22214,Fujieda,city,shi,藤枝市,Shizuoka-ken,22,Chubu
22215,Gotemba,city,shi,御殿場市,Shizuoka-ken,22,Chubu
22216,Fukuroi,city,shi,袋井市,Shizuoka-ken,22,Chubu
22219,Shimoda,city,shi,下田市,Shizuoka-ken,22,Chubu
22220,Susono,city,shi,裾野市,Shizuoka-ken,22,Chubu
22221,Kosai,city,shi,湖西市,Shizuoka-ken,22,Chubu
22222,Izu,city,shi,伊豆市,Shizuoka-ken,22,Chubu
22223,Omaezaki,city,shi,御前崎市,Shizuoka-ken,22,Chubu
22224,Kikugawa,city,shi,菊川市,Shizuoka-ken,22,Chubu
22225,Izunokuni,city,shi,伊豆の国市,Shizuoka-ken,22,Chubu
22226,Makinohara,city,shi,牧之原市,Shizuoka-ken,22,Chubu
22301,Higashiizu,town,cho,東伊豆町,Shizuoka-ken,22,Chubu
22302,Kawazu,town,cho,河津町,Shizuoka-ken,22,Chubu
22304,Minamiizu,town,cho,南伊豆町,Shizuoka-ken,22,Chubu
22305,Matsuzaki,town,cho,松崎町,Shizuoka-ken,22,Chubu
22306,Nishiizu,town,cho,西伊豆町,Shizuoka-ken,22,Chubu
22325,Kannami,town,cho,函南町,Shizuoka-ken,22,Chubu
22341,Shimizu,town,cho,清水町,Shizuoka-ken,22,Chubu
22342,Nagaizumi,town,cho,長泉町,Shizuoka-ken,22,Chubu
22344,Oyama,town,cho,小山町,Shizuoka-ken,22,Chubu
22424,Yoshida,town,cho,吉田町,Shizuoka-ken,22,Chubu
22429,Kawanehon,town,cho,川根本町,Shizuoka-ken,22,Chubu
22461,Mori,town,machi,森町,Shizuoka-ken,22,Chubu
23100,Nagoya,city,shi,名古屋市,Aichi-ken,23,Chubu
23201,Toyohashi,city,shi,豊橋市,Aichi-ken,23,Chubu
23202,Okazaki,city,shi,岡崎市,Aichi-ken,23,Chubu
23203,Ichinomiya,city,shi,一宮市,Aichi-ken,23,Chubu
23204,Seto,city,shi,瀬戸市,Aichi-ken,23,Chubu
23205,Handa,city,shi,半田市,Aichi-ken,23,Chubu
23206,Kasugai,city,shi,春日井市,Aichi-ken,23,Chubu
23207,Toyokawa,city,shi,豊川市,Aichi-ken,23,Chubu
23208,Tsushima,city,shi,津島市,Aichi-ken,23,Chubu
23209,Hekinan,city,shi,碧南市,Aichi-ken,23,Chubu
23210,Kariya,city,shi,刈谷市,Aichi-ken,23,Chubu
23211,Toyota,city,shi,豊田市,Aichi-ken,23,Chubu
23212,Anjo,city,shi,安城市,Aichi-ken,23,Chubu
23213,Nishio,city,shi,西尾市,Aichi-ken,23,Chubu
23214,Gamagori,city,shi,蒲郡市,Aichi-ken,23,Chubu
23215,Inuyama,city,shi,犬山市,Aichi-ken,23,Chubu
23216,Tokoname,city,shi,常滑市,Aichi-ken,23,Chubu
23217,Konan,city,shi,江南市,Aichi-ken,23,Chubu
23219,Komaki,city,shi,小牧市,Aichi-ken,23,Chubu
23220,Inazawa,city,shi,稲沢市,Aichi-ken,23,Chubu
23221,Shinshiro,city,shi,新城市,Aichi-ken,23,Chubu
23222,Tokai,city,shi,東海市,Aichi-ken,23,Chubu
23223,Obu,city,shi,大府市,Aichi-ken,23,Chubu
23224,Chita,city,shi,知多市,Aichi-ken,23,Chubu
23225,Chiryu,city,shi,知立市,Aichi-ken,23,Chubu
23226,Owariasahi,city,shi,尾張旭市,Aichi-ken,23,Chubu
23227,Takahama,city,shi,高浜市,Aichi-ken,23,Chubu
23228,Iwakura,city,shi,岩倉市,Aichi-ken,23,Chubu
23229,Toyoake,city,shi,豊明市,Aichi-ken,23,Chubu
23230,Nisshin,city,shi,日進市,Aichi-ken,23,Chubu
23231,Tahara,city,shi,田原市,Aichi-ken,23,Chubu
23232,Aisai,city,shi,愛西市,Aichi-ken,23,Chubu
23233,Kiyosu,city,shi,清須市,Aichi-ken,23,Chubu
23234,Kitanagoya,city,shi,北名古屋市,Aichi-ken,23,Chubu
23235,Yatomi,city,shi,弥富市,Aichi-ken,23,Chubu
23236,Miyoshi,city,shi,みよし市,Aichi-ken,23,Chubu
23237,Ama,city,shi,あま市,Aichi-ken,23,Chubu
23238,Nagakute,city,shi,長久手市,Aichi-ken,23,Chubu
23302,Togo,town,cho,東郷町,Aichi-ken,23,Chubu
23342,Toyoyama,town,cho,豊山町,Aichi-ken,23,Chubu
23361,Oguchi,town,cho,大口町,Aichi-ken,23,Chubu
23362,Fuso,town,cho,扶桑町,Aichi-ken,23,Chubu
23424,Oharu,town,cho,大治町,Aichi-ken,23,Chubu
23425,Kanie,town,cho,蟹江町,Aichi-ken,23,Chubu
23427,Tobishima,village,mura,飛島村,Aichi-ken,23,Chubu
23441,Agui,town,cho,阿久比町,Aichi-ken,23,Chubu
23442,Higashiura,town,cho,東浦町,Aichi-ken,23,Chubu
23445,Minamichita,town,cho,南知多町,Aichi-ken,23,Chubu
23446,Mihama,town,cho,美浜町,Aichi-ken,23,Chubu
23447,Taketoyo,town,cho,武豊町,Aichi-ken,23,Chubu
23501,Kota,town,cho,幸田町,Aichi-ken,23,Chubu
23561,Shitara,town,cho,設楽町,Aichi-ken,23,Chubu
23562,Toei,town,cho,東栄町,Aichi-ken,23,Chubu
23563,Toyone,village,mura,豊根村,Aichi-ken,23,Chubu
24201,Tsu,city,shi,津市,Mie-ken,24,Kansai
24202,Yokkaichi,city,shi,四日市市,Mie-ken,24,Kansai
24203,Ise,city,shi,伊勢市,Mie-ken,24,Kansai
24204,Matsusaka,city,shi,松阪市,Mie-ken,24,Kansai
24205,Kuwana,city,shi,桑名市,Mie-ken,24,Kansai
24207,Suzuka,city,shi,鈴鹿市,Mie-ken,24,Kansai
24208,Nabari,city,shi,名張市,Mie-ken,24,Kansai
24209,Owase,city,shi,尾鷲市,Mie-ken,24,Kansai
24210,Kameyama,city,shi,亀山市,Mie-ken,24,Kansai
24211,Toba,city,shi,鳥羽市,Mie-ken,24,Kansai
24212,Kumano,city,shi,熊野市,Mie-ken,24,Kansai
24214,Inabe,city,shi,いなべ市,Mie-ken,24,Kansai
24215,Shima,city,shi,志摩市,Mie-ken,24,Kansai
24216,Iga,city,shi,伊賀市,Mie-ken,24,Kansai
24303,Kisosaki,town,cho,木曽岬町,Mie-ken,24,Kansai
24324,Toin,town,cho,東員町,Mie-ken,24,Kansai
24341,Komono,town,cho,菰野町,Mie-ken,24,Kansai
24343,Asahi,town,cho,朝日町,Mie-ken,24,Kansai
24344,Kawagoe,town,cho,川越町,Mie-ken,24,Kansai
24441,Taki,town,cho,多気町,Mie-ken,24,Kansai
24442,Meiwa,town,cho,明和町,Mie-ken,24,Kansai
24443,Odai,town,cho,大台町,Mie-ken,24,Kansai
24461,Tamaki,town,cho,玉城町,Mie-ken,24,Kansai
24470,Watarai,town,cho,度会町,Mie-ken,24,Kansai
24471,Taiki,town,cho,大紀町,Mie-ken,24,Kansai
24472,Minamiise,town,cho,南伊勢町,Mie-ken,24,Kansai
24543,Kihoku,town,cho,紀北町,Mie-ken,24,Kansai
24561,Mihama,town,cho,御浜町,Mie-ken,24,Kansai
24562,Kiho,town,cho,紀宝町,Mie-ken,24,Kansai
25201,Otsu,city,shi,大津市,Shiga-ken,25,Kansai
25202,Hikone,city,shi,彦根市,Shiga-ken,25,Kansai
25203,Nagahama,city,shi,長浜市,Shiga-ken,25,Kansai
25204,Omihachiman,city,shi,近江八幡市,Shiga-ken,25,Kansai
25206,Kusatsu,city,shi,草津市,Shiga-ken,25,Kansai
25207,Moriyama,city,shi,守山市,Shiga-ken,25,Kansai
25208,Ritto,city,shi,栗東市,Shiga-ken,25,Kansai
25209,Koka,city,shi,甲賀市,Shiga-ken,25,Kansai
25210,Yasu,city,shi,野洲市,Shiga-ken,25,Kansai
25211,Konan,city,shi,湖南市,Shiga-ken,25,Kansai
25212,Takashima,city,shi,高島市,Shiga-ken,25,Kansai
25213,Higashiomi,city,shi,東近江市,Shiga-ken,25,Kansai
25214,Maibara,city,shi,米原市,Shiga-ken,25,Kansai
25383,Hino,town,cho,日野町,Shiga-ken,25,Kansai
25384,Ryuo,town,cho,竜王町,Shiga-ken,25,Kansai
25425,Aisho,town,cho,愛荘町,Shiga-ken,25,Kansai
25441,Toyosato,town,cho,豊郷町,Shiga-ken,25,Kansai
25442,Kora,town,cho,甲良町,Shiga-ken,25,Kansai
25443,Taga,town,cho,多賀町,Shiga-ken,25,Kansai
26100,Kyoto,city,shi,京都市,Kyoto-fu,26,Kansai
26201,Fukuchiyama,city,shi,福知山市,Kyoto-fu,26,Kansai
26202,Maizuru,city,shi,舞鶴市,Kyoto-fu,26,Kansai
26203,Ayabe,city,shi,綾部市,Kyoto-fu,26,Kansai
26204,Uji,city,shi,宇治市,Kyoto-fu,26,Kansai
26205,Miyazu,city,shi,宮津市,Kyoto-fu,26,Kansai
26206,Kameoka,city,shi,亀岡市,Kyoto-fu,26,Kansai
26207,Joyo,city,shi,城陽市,Kyoto-fu,26,Kansai
26208,Muko,city,shi,向日市,Kyoto-fu,26,Kansai
26209,Nagaokakyo,city,shi,長岡京市,Kyoto-fu,26,Kansai
26210,Yawata,city,shi,八幡市,Kyoto-fu,26,Kansai
26211,Kyotanabe,city,shi,京田辺市,Kyoto-fu,26,Kansai
26212,Kyotango,city,shi,京丹後市,Kyoto-fu,26,Kansai
26213,Nantan,city,shi,南丹市,Kyoto-fu,26,Kansai
26214,Kizugawa,city,shi,木津川市,Kyoto-fu,26,Kansai
26303,Oyamazaki,town,cho,大山崎町,Kyoto-fu,26,Kansai
26322,Kumiyama,town,cho,久御山町,Kyoto-fu,26,Kansai
26343,Ide,town,cho,井手町,Kyoto-fu,26,Kansai
26344,Ujitawara,town,cho,宇治田原町,Kyoto-fu,26,Kansai
26364,Kasagi,town,cho,笠置町,Kyoto-fu,26,Kansai
26365,Wazuka,town,cho,和束町,Kyoto-fu,26,Kansai
26366,Seika,town,cho,精華町,Kyoto-fu,26,Kansai
26367,Minamiyamashiro,village,mura,南山城村,Kyoto-fu,26,Kansai
26407,Kyotamba,town,cho,京丹波町,Kyoto-fu,26,Kansai
26463,Ine,town,cho,伊根町,Kyoto-fu,26,Kansai
26465,Yosano,town,cho,与謝野町,Kyoto-fu,26,Kansai
27100,Osaka,city,shi,大阪市,Osaka-fu,27,Kansai
27140,Sakai,city,shi,堺市,Osaka-fu,27,Kansai
27202,Kishiwada,city,shi,岸和田市,Osaka-fu,27,Kansai
27203,Toyonaka,city,shi,豊中市,Osaka-fu,27,Kansai
27204,Ikeda,city,shi,池田市,Osaka-fu,27,Kansai
27205,Suita,city,shi,吹田市,Osaka-fu,27,Kansai
27206,Izumiotsu,city,shi,泉大津市,Osaka-fu,27,Kansai
27207,Takatsuki,city,shi,高槻市,Osaka-fu,27,Kansai
27208,Kaizuka,city,shi,貝塚市,Osaka-fu,27,Kansai
27209,Moriguchi,city,shi,守口市,Osaka-fu,27,Kansai
27210,Hirakata,city,shi,枚方市,Osaka-fu,27,Kansai
27211,Ibaraki,city,shi,茨木市,Osaka-fu,27,Kansai
27212,Yao,city,shi,八尾市,Osaka-fu,27,Kansai
27213,Izumisano,city,shi,泉佐野市,Osaka-fu,27,Kansai
27214,Tondabayashi,city,shi,富田林市,Osaka-fu,27,Kansai
27215,Neyagawa,city,shi,寝屋川市,Osaka-fu,27,Kansai
27216,Kawachinagano,city,shi,河内長野市,Osaka-fu,27,Kansai
27217,Matsubara,city,shi,松原市,Osaka-fu,27,Kansai
27218,Daito,city,shi,大東市,Osaka-fu,27,Kansai
27219,Izumi,city,shi,和泉市,Osaka-fu,27,Kansai
27220,Minoh,city,shi,箕面市,Osaka-fu,27,Kansai
27221,Kashiwara,city,shi,柏原市,Osaka-fu,27,Kansai
27222,Habikino,city,shi,羽曳野市,Osaka-fu,27,Kansai
27223,Kadoma,city,shi,門真市,Osaka-fu,27,Kansai
27224,Settsu,city,shi,摂津市,Osaka-fu,27,Kansai
27225,Takaishi,city,shi,高石市,Osaka-fu,27,Kansai
27226,Fujiidera,city,shi,藤井寺市,Osaka-fu,27,Kansai
27227,Higashiosaka,city,shi,東大阪市,Osaka-fu,27,Kansai
27228,Sennan,city,shi,泉南市,Osaka-fu,27,Kansai
27229,Shijonawate,city,shi,四條畷市,Osaka-fu,27,Kansai
27230,Katano,city,shi,交野市,Osaka-fu,27,Kansai
27231,Osakasayama,city,shi,大阪狭山市,Osaka-fu,27,Kansai
27232,Hannan,city,shi,阪南市,Osaka-fu,27,Kansai
27301,Shimamoto,town,cho,島本町,Osaka-fu,27,Kansai
27321,Toyono,town,cho,豊能町,Osaka-fu,27,Kansai
27322,Nose,town,cho,能勢町,Osaka-fu,27,Kansai
27341,Tadaoka,town,cho,忠岡町,Osaka-fu,27,Kansai
27361,Kumatori,town,cho,熊取町,Osaka-fu,27,Kansai
27362,Tajiri,town,cho,田尻町,Osaka-fu,27,Kansai
27366,Misaki,town,cho,岬町,Osaka-fu,27,Kansai
27381,Taishi,town,cho,太子町,Osaka-fu,27,Kansai
27382,Kanan,town,cho,河南町,Osaka-fu,27,Kansai
27383,Chihayaakasaka,village,mura,千早赤阪村,Osaka-fu,27,Kansai
28100,Kobe,city,shi,神戸市,Hyogo-ken,28,Kansai
28201,Himeji,city,shi,姫路市,Hyogo-ken,28,Kansai
28202,Amagasaki,city,shi,尼崎市,Hyogo-ken,28,Kansai
28203,Akashi,city,shi,明石市,Hyogo-ken,28,Kansai
28204,Nishinomiya,city,shi,西宮市,Hyogo-ken,28,Kansai
28205,Sumoto,city,shi,洲本市,Hyogo-ken,28,Kansai
28206,Ashiya,city,shi,芦屋市,Hyogo-ken,28,Kansai
28207,Itami,city,shi,伊丹市,Hyogo-ken,28,Kansai
28208,Aioi,city,shi,相生市,Hyogo-ken,28,Kansai
28209,Toyooka,city,shi,豊岡市,Hyogo-ken,28,Kansai
28210,Kakogawa,city,shi,加古川市,Hyogo-ken,28,Kansai
28212,Ako,city,shi,赤穂市,Hyogo-ken,28,Kansai
28213,Nishiwaki,city,shi,西脇市,Hyogo-ken,28,Kansai
28214,Takarazuka,city,shi,宝塚市,Hyogo-ken,28,Kansai
28215,Miki,city,shi,三木市,Hyogo-ken,28,Kansai
28216,Takasago,city,shi,高砂市,Hyogo-ken,28,Kansai
28217,Kawanishi,city,shi,川西市,Hyogo-ken,28,Kansai
28218,Ono,city,shi,小野市,Hyogo-ken,28,Kansai
28219,Sanda,city,shi,三田市,Hyogo-ken,28,Kansai
28220,Kasai,city,shi,加西市,Hyogo-ken,28,Kansai
28221,Sasayama,city,shi,篠山市,Hyogo-ken,28,Kansai
28222,Yabu,city,shi,養父市,Hyogo-ken,28,Kansai
28223,Tamba,city,shi,丹波市,Hyogo-ken,28,Kansai
28224,Minamiawaji,city,shi,南あわじ市,Hyogo-ken,28,Kansai
28225,Asago,city,shi,朝来市,Hyogo-ken,28,Kansai
28226,Awaji,city,shi,淡路市,Hyogo-ken,28,Kansai
28227,Shiso,city,shi,宍粟市,Hyogo-ken,28,Kansai
28228,Kato,city,shi,加東市,Hyogo-ken,28,Kansai
28229,Tatsuno,city,shi,たつの市,Hyogo-ken,28,Kansai
28301,Inagawa,town,cho,猪名川町,Hyogo-ken,28,Kansai
28365,Taka,town,cho,多可町,Hyogo-ken,28,Kansai
28381,Inami,town,cho,稲美町,Hyogo-ken,28,Kansai
28382,Harima,town,cho,播磨町,Hyogo-ken,28,Kansai
28442,Ichikawa,town,cho,市川町,Hyogo-ken,28,Kansai
28443,Fukusaki,town,cho,福崎町,Hyogo-ken,28,Kansai
28446,Kamikawa,town,cho,神河町,Hyogo-ken,28,Kansai
28464,Taishi,town,cho,太子町,Hyogo-ken,28,Kansai
28481,Kamigori,town,cho,上郡町,Hyogo-ken,28,Kansai
28501,Sayo,town,cho,佐用町,Hyogo-ken,28,Kansai
28585,Kami,town,cho,香美町,Hyogo-ken,28,Kansai
28586,Shinonsen,town,cho,新温泉町,Hyogo-ken,28,Kansai
29201,Nara,city,shi,奈良市,Nara-ken,29,Kansai
29202,Yamatotakada,city,shi,大和高田市,Nara-ken,29,Kansai
29203,Yamatokoriyama,city,shi,大和郡山市,Nara-ken,29,Kansai
29204,Tenri,city,shi,天理市,Nara-ken,29,Kansai
29205,Kashihara,city,shi,橿原市,Nara-ken,29,Kansai
29206,Sakurai,city,shi,桜井市,Nara-ken,29,Kansai
29207,Gojo,city,shi,五條市,Nara-ken,29,Kansai
29208,Gose,city,shi,御所市,Nara-ken,29,Kansai
29209,Ikoma,city,shi,生駒市,Nara-ken,29,Kansai
29210,Kashiba,city,shi,香芝市,Nara-ken,29,Kansai
29211,Katsuragi,city,shi,葛城市,Nara-ken,29,Kansai
29212,Uda,city,shi,宇陀市,Nara-ken,29,Kansai
29322,Yamazoe,village,mura,山添村,Nara-ken,29,Kansai
29342,Heguri,town,cho,平群町,Nara-ken,29,Kansai
29343,Sango,town,cho,三郷町,Nara-ken,29,Kansai
29344,Ikaruga,town,cho,斑鳩町,Nara-ken,29,Kansai
29345,Ando,town,cho,安堵町,Nara-ken,29,Kansai
29361,Kawanishi,town,cho,川西町,Nara-ken,29,Kansai
29362,Miyake,town,cho,三宅町,Nara-ken,29,Kansai
29363,Tawaramoto,town,cho,田原本町,Nara-ken,29,Kansai
29385,Soni,village,mura,曽爾村,Nara-ken,29,Kansai
29386,Mitsue,village,mura,御杖村,Nara-ken,29,Kansai
29401,Takatori,town,cho,高取町,Nara-ken,29,Kansai
29402,Asuka,village,mura,明日香村,Nara-ken,29,Kansai
29424,Kammaki,town,cho,上牧町,Nara-ken,29,Kansai
29425,Oji,town,cho,王寺町,Nara-ken,29,Kansai
29426,Koryo,town,cho,広陵町,Nara-ken,29,Kansai
29427,Kawai,town,cho,河合町,Nara-ken,29,Kansai
29441,Yoshino,town,cho,吉野町,Nara-ken,29,Kansai
29442,Oyodo,town,cho,大淀町,Nara-ken,29,Kansai
29443,Shimoichi,town,cho,下市町,Nara-ken,29,Kansai
29444,Kurotaki,village,mura,黒滝村,Nara-ken,29,Kansai
29446,Tenkawa,village,mura,天川村,Nara-ken,29,Kansai
29447,Nosegawa,village,mura,野迫川村,Nara-ken,29,Kansai
29449,Totsukawa,village,mura,十津川村,Nara-ken,29,Kansai
29450,Shimokitayama,village,mura,下北山村,Nara-ken,29,Kansai
29451,Kamikitayama,village,mura,上北山村,Nara-ken,29,Kansai
29452,Kawakami,village,mura,川上村,Nara-ken,29,Kansai
29453,Higashiyoshino,village,mura,東吉野村,Nara-ken,29,Kansai
30201,Wakayama,city,shi,和歌山市,Wakayama-ken,30,Kansai
30202,Kainan,city,shi,海南市,Wakayama-ken,30,Kansai
30203,Hashimoto,city,shi,橋本市,Wakayama-ken,30,Kansai
30204,Arida,city,shi,有田市,Wakayama-ken,30,Kansai
30205,Gobo,city,shi,御坊市,Wakayama-ken,30,Kansai
30206,Tanabe,city,shi,田辺市,Wakayama-ken,30,Kansai
30207,Shingu,city,shi,新宮市,Wakayama-ken,30,Kansai
30208,Kinokawa,city,shi,紀の川市,Wakayama-ken,30,Kansai
30209,Iwade,city,shi,岩出市,Wakayama-ken,30,Kansai
30304,Kimino,town,cho,紀美野町,Wakayama-ken,30,Kansai
30341,Katsuragi,town,cho,かつらぎ町,Wakayama-ken,30,Kansai
30343,Kudoyama,town,cho,九度山町,Wakayama-ken,30,Kansai
30344,Koya,town,cho,高野町,Wakayama-ken,30,Kansai
30361,Yuasa,town,cho,湯浅町,Wakayama-ken,30,Kansai
30362,Hirogawa,town,cho,広川町,Wakayama-ken,30,Kansai
30366,Aridagawa,town,cho,有田川町,Wakayama-ken,30,Kansai
30381,Mihama,town,cho,美浜町,Wakayama-ken,30,Kansai
30382,Hidaka,town,cho,日高町,Wakayama-ken,30,Kansai
30383,Yura,town,cho,由良町,Wakayama-ken,30,Kansai
30390,Inami,town,cho,印南町,Wakayama-ken,30,Kansai
30391,Minabe,town,cho,みなべ町,Wakayama-ken,30,Kansai
30392,Hidakagawa,town,cho,日高川町,Wakayama-ken,30,Kansai
30401,Shirahama,town,cho,白浜町,Wakayama-ken,30,Kansai
30404,Kamitonda,town,cho,上富田町,Wakayama-ken,30,Kansai
30406,Susami,town,cho,すさみ町,Wakayama-ken,30,Kansai
30421,Nachikatsuura,town,cho,那智勝浦町,Wakayama-ken,30,Kansai
30422,Taiji,town,cho,太地町,Wakayama-ken,30,Kansai
30424,Kozagawa,town,cho,古座川町,Wakayama-ken,30,Kansai
30427,Kitayama,village,mura,北山村,Wakayama-ken,30,Kansai
30428,Kushimoto,town,cho,串本町,Wakayama-ken,30,Kansai
31201,Tottori,city,shi,鳥取市,Tottori-ken,31,Chugoku
31202,Yonago,city,shi,米子市,Tottori-ken,31,Chugoku
31203,Kurayoshi,city,shi,倉吉市,Tottori-ken,31,Chugoku
31204,Sakaiminato,city,shi,境港市,Tottori-ken,31,Chugoku
31302,Iwami,town,cho,岩美町,Tottori-ken,31,Chugoku
31325,Wakasa,town,cho,若桜町,Tottori-ken,31,Chugoku
31328,Chizu,town,cho,智頭町,Tottori-ken,31,Chugoku
31329,Yazu,town,cho,八頭町,Tottori-ken,31,Chugoku
31364,Misasa,town,cho,三朝町,Tottori-ken,31,Chugoku
31370,Yurihama,town,cho,湯梨浜町,Tottori-ken,31,Chugoku
31371,Kotoura,town,cho,琴浦町,Tottori-ken,31,Chugoku
31372,Hokuei,town,cho,北栄町,Tottori-ken,31,Chugoku
31384,Hiezu,village,son,日吉津村,Tottori-ken,31,Chugoku
31386,Daisen,town,cho,大山町,Tottori-ken,31,Chugoku
31389,Nambu,town,cho,南部町,Tottori-ken,31,Chugoku
31390,Hoki,town,cho,伯耆町,Tottori-ken,31,Chugoku
31401,Nichinan,town,cho,日南町,Tottori-ken,31,Chugoku
31402,Hino,town,cho,日野町,Tottori-ken,31,Chugoku
31403,Kofu,town,cho,江府町,Tottori-ken,31,Chugoku
32201,Matsue,city,shi,松江市,Shimane-ken,32,Chugoku
32202,Hamada,city,shi,浜田市,Shimane-ken,32,Chugoku
32203,Izumo,city,shi,出雲市,Shimane-ken,32,Chugoku
32204,Masuda,city,shi,益田市,Shimane-ken,32,Chugoku
32205,Oda,city,shi,大田市,Shimane-ken,32,Chugoku
32206,Yasugi,city,shi,安来市,Shimane-ken,32,Chugoku
32207,Gotsu,city,shi,江津市,Shimane-ken,32,Chugoku
32209,Unnan,city,shi,雲南市,Shimane-ken,32,Chugoku
32343,Okuizumo,town,cho,奥出雲町,Shimane-ken,32,Chugoku
32386,Iinan,town,cho,飯南町,Shimane-ken,32,Chugoku
32441,Kawamoto,town,machi,川本町,Shimane-ken,32,Chugoku
32448,Misato,town,cho,美郷町,Shimane-ken,32,Chugoku
32449,Onan,town,cho,邑南町,Shimane-ken,32,Chugoku
32501,Tsuwano,town,cho,津和野町,Shimane-ken,32,Chugoku
32505,Yoshika,town,cho,吉賀町,Shimane-ken,32,Chugoku
32525,Ama,town,cho,海士町,Shimane-ken,32,Chugoku
32526,Nishinoshima,town,cho,西ノ島町,Shimane-ken,32,Chugoku
32527,Chibu,village,mura,知夫村,Shimane-ken,32,Chugoku
32528,Okinoshima,town,cho,隠岐の島町,Shimane-ken,32,Chugoku
33100,Okayama,city,shi,岡山市,Okayama-ken,33,Chugoku
33202,Kurashiki,city,shi,倉敷市,Okayama-ken,33,Chugoku
33203,Tsuyama,city,shi,津山市,Okayama-ken,33,Chugoku
33204,Tamano,city,shi,玉野市,Okayama-ken,33,Chugoku
33205,Kasaoka,city,shi,笠岡市,Okayama-ken,33,Chugoku
33207,Ibara,city,shi,井原市,Okayama-ken,33,Chugoku
33208,Soja,city,shi,総社市,Okayama-ken,33,Chugoku
33209,Takahashi,city,shi,高梁市,Okayama-ken,33,Chugoku
33210,Niimi,city,shi,新見市,Okayama-ken,33,Chugoku
33211,Bizen,city,shi,備前市,Okayama-ken,33,Chugoku
33212,Setouchi,city,shi,瀬戸内市,Okayama-ken,33,Chugoku
33213,Akaiwa,city,shi,赤磐市,Okayama-ken,33,Chugoku
33214,Maniwa,city,shi,真庭市,Okayama-ken,33,Chugoku
33215,Mimasaka,city,shi,美作市,Okayama-ken,33,Chugoku
33216,Asakuchi,city,shi,浅口市,Okayama-ken,33,Chugoku
33346,Wake,town,cho,和気町,Okayama-ken,33,Chugoku
33423,Hayashima,town,cho,早島町,Okayama-ken,33,Chugoku
33445,Satosho,town,cho,里庄町,Okayama-ken,33,Chugoku
33461,Yakage,town,cho,矢掛町,Okayama-ken,33,Chugoku
33586,Shinjo,village,son,新庄村,Okayama-ken,33,Chugoku
33606,Kagamino,town,cho,鏡野町,Okayama-ken,33,Chugoku
33622,Shoo,town,cho,勝央町,Okayama-ken,33,Chugoku
33623,Nagi,town,cho,奈義町,Okayama-ken,33,Chugoku
33643,Nishiawakura,village,son,西粟倉村,Okayama-ken,33,Chugoku
33663,Kumenan,town,cho,久米南町,Okayama-ken,33,Chugoku
33666,Misaki,town,cho,美咲町,Okayama-ken,33,Chugoku
33681,Kibichuo,town,cho,吉備中央町,Okayama-ken,33,Chugoku
34100,Hiroshima,city,shi,広島市,Hiroshima-ken,34,Chugoku
34202,Kure,city,shi,呉市,Hiroshima-ken,34,Chugoku
34203,Takehara,city,shi,竹原市,Hiroshima-ken,34,Chugoku
34204,Mihara,city,shi,三原市,Hiroshima-ken,34,Chugoku
34205,Onomichi,city,shi,尾道市,Hiroshima-ken,34,Chugoku
34207,Fukuyama,city,shi,福山市,Hiroshima-ken,34,Chugoku
34208,Fuchu,city,shi,府中市,Hiroshima-ken,34,Chugoku
34209,Miyoshi,city,shi,三次市,Hiroshima-ken,34,Chugoku
34210,Shobara,city,shi,庄原市,Hiroshima-ken,34,Chugoku
34211,Otake,city,shi,大竹市,Hiroshima-ken,34,Chugoku
34212,Higashihiroshima,city,shi,東広島市,Hiroshima-ken,34,Chugoku
34213,Hatsukaichi,city,shi,廿日市市,Hiroshima-ken,34,Chugoku
34214,Akitakata,city,shi,安芸高田市,Hiroshima-ken,34,Chugoku
34215,Etajima,city,shi,江田島市,Hiroshima-ken,34,Chugoku
34302,Fuchu,town,cho,府中町,Hiroshima-ken,34,Chugoku
34304,Kaita,town,cho,海田町,Hiroshima-ken,34,Chugoku
34307,Kumano,town,cho,熊野町,Hiroshima-ken,34,Chugoku
34309,Saka,town,cho,坂町,Hiroshima-ken,34,Chugoku
34368,Akiota,town,cho,安芸太田町,Hiroshima-ken,34,Chugoku
34369,Kitahiroshima,town,cho,北広島町,Hiroshima-ken,34,Chugoku
34431,Osakikamijima,town,cho,大崎上島町,Hiroshima-ken,34,Chugoku
34462,Sera,town,cho,世羅町,Hiroshima-ken,34,Chugoku
34545,Jinsekikogen,town,cho,神石高原町,Hiroshima-ken,34,Chugoku
35201,Shimonoseki,city,shi,下関市,Yamaguchi-ken,35,Chugoku
35202,Ube,city,shi,宇部市,Yamaguchi-ken,35,Chugoku
35203,Yamaguchi,city,shi,山口市,Yamaguchi-ken,35,Chugoku
35204,Hagi,city,shi,萩市,Yamaguchi-ken,35,Chugoku
35206,Hofu,city,shi,防府市,Yamaguchi-ken,35,Chugoku
35207,Kudamatsu,city,shi,下松市,Yamaguchi-ken,35,Chugoku
35208,Iwakuni,city,shi,岩国市,Yamaguchi-ken,35,Chugoku
35210,Hikari,city,shi,光市,Yamaguchi-ken,35,Chugoku
35211,Nagato,city,shi,長門市,Yamaguchi-ken,35,Chugoku
35212,Yanai,city,shi,柳井市,Yamaguchi-ken,35,Chugoku
35213,Mine,city,shi,美祢市,Yamaguchi-ken,35,Chugoku
35215,Shunan,city,shi,周南市,Yamaguchi-ken,35,Chugoku
35216,Sanyoonoda,city,shi,山陽小野田市,Yamaguchi-ken,35,Chugoku
35305,Suooshima,town,cho,周防大島町,Yamaguchi-ken,35,Chugoku
35321,Waki,town,cho,和木町,Yamaguchi-ken,35,Chugoku
35341,Kaminoseki,town,cho,上関町,Yamaguchi-ken,35,Chugoku
35343,Tabuse,town,cho,田布施町,Yamaguchi-ken,35,Chugoku
35344,Hirao,town,cho,平生町,Yamaguchi-ken,35,Chugoku
35502,Abu,town,cho,阿武町,Yamaguchi-ken,35,Chugoku
36201,Tokushima,city,shi,徳島市,Tokushima-ken,36,Shikoku
36202,Naruto,city,shi,鳴門市,Tokushima-ken,36,Shikoku
36203,Komatsushima,city,shi,小松島市,Tokushima-ken,36,Shikoku
36204,Anan,city,shi,阿南市,Tokushima-ken,36,Shikoku
36205,Yoshinogawa,city,shi,吉野川市,Tokushima-ken,36,Shikoku
36206,Awa,city,shi,阿波市,Tokushima-ken,36,Shikoku
36207,Mima,city,shi,美馬市,Tokushima-ken,36,Shikoku
36208,Miyoshi,city,shi,三好市,Tokushima-ken,36,Shikoku
36301,Katsuura,town,cho,勝浦町,Tokushima-ken,36,Shikoku
36302,Kamikatsu,town,cho,上勝町,Tokushima-ken,36,Shikoku
36321,Sanagouchi,village,son,佐那河内村,Tokushima-ken,36,Shikoku
36341,Ishii,town,cho,石井町,Tokushima-ken,36,Shikoku
36342,Kamiyama,town,cho,神山町,Tokushima-ken,36,Shikoku
36368,Naka,town,cho,那賀町,Tokushima-ken,36,Shikoku
36383,Mugi,town,cho,牟岐町,Tokushima-ken,36,Shikoku
36387,Minami,town,cho,美波町,Tokushima-ken,36,Shikoku
36388,Kaiyo,town,cho,海陽町,Tokushima-ken,36,Shikoku
36401,Matsushige,town,cho,松茂町,Tokushima-ken,36,Shikoku
36402,Kitajima,town,cho,北島町,Tokushima-ken,36,Shikoku
36403,Aizumi,town,cho,藍住町,Tokushima-ken,36,Shikoku
36404,Itano,town,cho,板野町,Tokushima-ken,36,Shikoku
36405,Kamiita,town,cho,上板町,Tokushima-ken,36,Shikoku
36468,Tsurugi,town,cho,つるぎ町,Tokushima-ken,36,Shikoku
36489,Higashimiyoshi,town,cho,東みよし町,Tokushima-ken,36,Shikoku
37201,Takamatsu,city,shi,高松市,Kagawa-ken,37,Shikoku
37202,Marugame,city,shi,丸亀市,Kagawa-ken,37,Shikoku
37203,Sakaide,city,shi,坂出市,Kagawa-ken,37,Shikoku
37204,Zentsuji,city,shi,善通寺市,Kagawa-ken,37,Shikoku
37205,Kanonji,city,shi,観音寺市,Kagawa-ken,37,Shikoku
37206,Sanuki,city,shi,さぬき市,Kagawa-ken,37,Shikoku
37207,Higashikagawa,city,shi,東かがわ市,Kagawa-ken,37,Shikoku
37208,Mitoyo,city,shi,三豊市,Kagawa-ken,37,Shikoku
37322,Tonosho,town,cho,土庄町,Kagawa-ken,37,Shikoku
37324,Shodoshima,town,cho,小豆島町,Kagawa-ken,37,Shikoku
37341,Miki,town,cho,三木町,Kagawa-ken,37,Shikoku
37364,Naoshima,town,cho,直島町,Kagawa-ken,37,Shikoku
37386,Utazu,town,cho,宇多津町,Kagawa-ken,37,Shikoku
37387,Ayagawa,town,cho,綾川町,Kagawa-ken,37,Shikoku
37403,Kotohira,town,cho,琴平町,Kagawa-ken,37,Shikoku
37404,Tadotsu,town,cho,多度津町,Kagawa-ken,37,Shikoku
37406,Manno,town,cho,まんのう町,Kagawa-ken,37,Shikoku
38201,Matsuyama,city,shi,松山市,Ehime-ken,38,Shikoku
38202,Imabari,city,shi,今治市,Ehime-ken,38,Shikoku
38203,Uwajima,city,shi,宇和島市,Ehime-ken,38,Shikoku
38204,Yawatahama,city,shi,八幡浜市,Ehime-ken,38,Shikoku
38205,Niihama,city,shi,新居浜市,Ehime-ken,38,Shikoku
38206,Saijo,city,shi,西条市,Ehime-ken,38,Shikoku
38207,Ozu,city,shi,大洲市,Ehime-ken,38,Shikoku
38210,Iyo,city,shi,伊予市,Ehime-ken,38,Shikoku
38213,Shikokuchuo,city,shi,四国中央市,Ehime-ken,38,Shikoku
38214,Seiyo,city,shi,西予市,Ehime-ken,38,Shikoku
38215,Toon,city,shi,東温市,Ehime-ken,38,Shikoku
38356,Kamijima,town,cho,上島町,Ehime-ken,38,Shikoku
38386,Kumakogen,town,cho,久万高原町,Ehime-ken,38,Shikoku
38401,Masaki,town,cho,松前町,Ehime-ken,38,Shikoku
38402,Tobe,town,cho,砥部町,Ehime-ken,38,Shikoku
38422,Uchiko,town,cho,内子町,Ehime-ken,38,Shikoku
38442,Ikata,town,cho,伊方町,Ehime-ken,38,Shikoku
38484,Matsuno,town,cho,松野町,Ehime-ken,38,Shikoku
38488,Kihoku,town,cho,鬼北町,Ehime-ken,38,Shikoku
38506,Ainan,town,cho,愛南町,Ehime-ken,38,Shikoku
39201,Kochi,city,shi,高知市,Kochi-ken,39,Shikoku
39202,Muroto,city,shi,室戸市,Kochi-ken,39,Shikoku
39203,Aki,city,shi,安芸市,Kochi-ken,39,Shikoku
39204,Nankoku,city,shi,南国市,Kochi-ken,39,Shikoku
39205,Tosa,city,shi,土佐市,Kochi-ken,39,Shikoku
39206,Susaki,city,shi,須崎市,Kochi-ken,39,Shikoku
39208,Sukumo,city,shi,宿毛市,Kochi-ken,39,Shikoku
39209,Tosashimizu,city,shi,土佐清水市,Kochi-ken,39,Shikoku
39210,Shimanto,city,shi,四万十市,Kochi-ken,39,Shikoku
39211,Konan,city,shi,香南市,Kochi-ken,39,Shikoku
39212,Kami,city,shi,香美市,Kochi-ken,39,Shikoku
39301,Toyo,town,cho,東洋町,Kochi-ken,39,Shikoku
39302,Nahari,town,cho,奈半利町,Kochi-ken,39,Shikoku
39303,Tano,town,cho,田野町,Kochi-ken,39,Shikoku
39304,Yasuda,town,cho,安田町,Kochi-ken,39,Shikoku
39305,Kitagawa,village,mura,北川村,Kochi-ken,39,Shikoku
39306,Umaji,village,mura,馬路村,Kochi-ken,39,Shikoku
39307,Geisei,village,mura,芸西村,Kochi-ken,39,Shikoku
39341,Motoyama,town,cho,本山町,Kochi-ken,39,Shikoku
39344,Otoyo,town,cho,大豊町,Kochi-ken,39,Shikoku
39363,Tosa,town,cho,土佐町,Kochi-ken,39,Shikoku
39364,Okawa,village,mura,大川村,Kochi-ken,39,Shikoku
39386,Ino,town,cho,いの町,Kochi-ken,39,Shikoku
39387,Niyodogawa,town,cho,仁淀川町,Kochi-ken,39,Shikoku
39401,Nakatosa,town,cho,中土佐町,Kochi-ken,39,Shikoku
39402,Sakawa,town,cho,佐川町,Kochi-ken,39,Shikoku
39403,Ochi,town,cho,越知町,Kochi-ken,39,Shikoku
39405,Yusuhara,town,cho,檮原町,Kochi-ken,39,Shikoku
39410,Hidaka,village,mura,日高村,Kochi-ken,39,Shikoku
39411,Tsuno,town,cho,津野町,Kochi-ken,39,Shikoku
39412,Shimanto,town,cho,四万十町,Kochi-ken,39,Shikoku
39424,Otsuki,town,cho,大月町,Kochi-ken,39,Shikoku
39427,Mihara,village,mura,三原村,Kochi-ken,39,Shikoku
39428,Kuroshio,town,cho,黒潮町,Kochi-ken,39,Shikoku
40100,Kitakyushu,city,shi,北九州市,Fukuoka-ken,40,Kyushu
40130,Fukuoka,city,shi,福岡市,Fukuoka-ken,40,Kyushu
40202,Omuta,city,shi,大牟田市,Fukuoka-ken,40,Kyushu
40203,Kurume,city,shi,久留米市,Fukuoka-ken,40,Kyushu
40204,Nogata,city,shi,直方市,Fukuoka-ken,40,Kyushu
40205,Iizuka,city,shi,飯塚市,Fukuoka-ken,40,Kyushu
40206,Tagawa,city,shi,田川市,Fukuoka-ken,40,Kyushu
40207,Yanagawa,city,shi,柳川市,Fukuoka-ken,40,Kyushu
40210,Yame,city,shi,八女市,Fukuoka-ken,40,Kyushu
40211,Chikugo,city,shi,筑後市,Fukuoka-ken,40,Kyushu
40212,Okawa,city,shi,大川市,Fukuoka-ken,40,Kyushu
40213,Yukuhashi,city,shi,行橋市,Fukuoka-ken,40,Kyushu
40214,Buzen,city,shi,豊前市,Fukuoka-ken,40,Kyushu
40215,Nakama,city,shi,中間市,Fukuoka-ken,40,Kyushu
40216,Ogori,city,shi,小郡市,Fukuoka-ken,40,Kyushu
40217,Chikushino,city,shi,筑紫野市,Fukuoka-ken,40,Kyushu
40218,Kasuga,city,shi,春日市,Fukuoka-ken,40,Kyushu
40219,Onojo,city,shi,大野城市,Fukuoka-ken,40,Kyushu
40220,Munakata,city,shi,宗像市,Fukuoka-ken,40,Kyushu
40221,Dazaifu,city,shi,太宰府市,Fukuoka-ken,40,Kyushu
40223,Koga,city,shi,古賀市,Fukuoka-ken,40,Kyushu
40224,Fukutsu,city,shi,福津市,Fukuoka-ken,40,Kyushu
40225,Ukiha,city,shi,うきは市,Fukuoka-ken,40,Kyushu
40226,Miyawaka,city,shi,宮若市,Fukuoka-ken,40,Kyushu
40227,Kama,city,shi,嘉麻市,Fukuoka-ken,40,Kyushu
40228,Asakura,city,shi,朝倉市,Fukuoka-ken,40,Kyushu
40229,Miyama,city,shi,みやま市,Fukuoka-ken,40,Kyushu
40230,Itoshima,city,shi,糸島市,Fukuoka-ken,40,Kyushu
40305,Nakagawa,town,machi,那珂川町,Fukuoka-ken,40,Kyushu
40341,Umi,town,machi,宇美町,Fukuoka-ken,40,Kyushu
40342,Sasaguri,town,machi,篠栗町,Fukuoka-ken,40,Kyushu
40343,Shime,town,machi,志免町,Fukuoka-ken,40,Kyushu
40344,Sue,town,machi,須恵町,Fukuoka-ken,40,Kyushu
40345,Shingu,town,machi,新宮町,Fukuoka-ken,40,Kyushu
40348,Hisayama,town,machi,久山町,Fukuoka-ken,40,Kyushu
40349,Kasuya,town,machi,粕屋町,Fukuoka-ken,40,Kyushu
40381,Ashiya,town,machi,芦屋町,Fukuoka-ken,40,Kyushu
40382,Mizumaki,town,machi,水巻町,Fukuoka-ken,40,Kyushu
40383,Okagaki,town,machi,岡垣町,Fukuoka-ken,40,Kyushu
40384,Onga,town,cho,遠賀町,Fukuoka-ken,40,Kyushu
40401,Kotake,town,machi,小竹町,Fukuoka-ken,40,Kyushu
40402,Kurate,town,machi,鞍手町,Fukuoka-ken,40,Kyushu
40421,Keisen,town,machi,桂川町,Fukuoka-ken,40,Kyushu
40447,Chikuzen,town,machi,筑前町,Fukuoka-ken,40,Kyushu
40448,Toho,village,mura,東峰村,Fukuoka-ken,40,Kyushu
40503,Tachiarai,town,machi,大刀洗町,Fukuoka-ken,40,Kyushu
40522,Oki,town,machi,大木町,Fukuoka-ken,40,Kyushu
40544,Hirokawa,town,machi,広川町,Fukuoka-ken,40,Kyushu
40601,Kawara,town,machi,香春町,Fukuoka-ken,40,Kyushu
40602,Soeda,town,machi,添田町,Fukuoka-ken,40,Kyushu
40604,Itoda,town,machi,糸田町,Fukuoka-ken,40,Kyushu
40605,Kawasaki,town,machi,川崎町,Fukuoka-ken,40,Kyushu
40608,Oto,town,machi,大任町,Fukuoka-ken,40,Kyushu
40609,Aka,village,mura,赤村,Fukuoka-ken,40,Kyushu
40610,Fukuchi,town,machi,福智町,Fukuoka-ken,40,Kyushu
40621,Kanda,town,machi,苅田町,Fukuoka-ken,40,Kyushu
40625,Miyako,town,machi,みやこ町,Fukuoka-ken,40,Kyushu
40642,Yoshitomi,town,machi,吉富町,Fukuoka-ken,40,Kyushu
40646,Koge,town,machi,上毛町,Fukuoka-ken,40,Kyushu
40647,Chikujo,town,machi,築上町,Fukuoka-ken,40,Kyushu
41201,Saga,city,shi,佐賀市,Saga-ken,41,Kyushu
41202,Karatsu,city,shi,唐津市,Saga-ken,41,Kyushu
41203,Tosu,city,shi,鳥栖市,Saga-ken,41,Kyushu
41204,Taku,city,shi,多久市,Saga-ken,41,Kyushu
41205,Imari,city,shi,伊万里市,Saga-ken,41,Kyushu
41206,Takeo,city,shi,武雄市,Saga-ken,41,Kyushu
41207,Kashima,city,shi,鹿島市,Saga-ken,41,Kyushu
41208,Ogi,city,shi,小城市,Saga-ken,41,Kyushu
41209,Ureshino,city,shi,嬉野市,Saga-ken,41,Kyushu
41210,Kanzaki,city,shi,神埼市,Saga-ken,41,Kyushu
41327,Yoshinogari,town,cho,吉野ヶ里町,Saga-ken,41,Kyushu
41341,Kiyama,town,cho,基山町,Saga-ken,41,Kyushu
41345,Kamimine,town,cho,上峰町,Saga-ken,41,Kyushu
41346,Miyaki,town,cho,みやき町,Saga-ken,41,Kyushu
41387,Genkai,town,cho,玄海町,Saga-ken,41,Kyushu
41401,Arita,town,cho,有田町,Saga-ken,41,Kyushu
41423,Omachi,town,cho,大町町,Saga-ken,41,Kyushu
41424,Kohoku,town,machi,江北町,Saga-ken,41,Kyushu
41425,Shiroishi,town,cho,白石町,Saga-ken,41,Kyushu
41441,Tara,town,cho,太良町,Saga-ken,41,Kyushu
42201,Nagasaki,city,shi,長崎市,Nagasaki-ken,42,Kyushu
42202,Sasebo,city,shi,佐世保市,Nagasaki-ken,42,Kyushu
42203,Shimabara,city,shi,島原市,Nagasaki-ken,42,Kyushu
42204,Isahaya,city,shi,諫早市,Nagasaki-ken,42,Kyushu
42205,Omura,city,shi,大村市,Nagasaki-ken,42,Kyushu
42207,Hirado,city,shi,平戸市,Nagasaki-ken,42,Kyushu
42208,Matsuura,city,shi,松浦市,Nagasaki-ken,42,Kyushu
42209,Tsushima,city,shi,対馬市,Nagasaki-ken,42,Kyushu
42210,Iki,city,shi,壱岐市,Nagasaki-ken,42,Kyushu
42211,Goto,city,shi,五島市,Nagasaki-ken,42,Kyushu
42212,Saikai,city,shi,西海市,Nagasaki-ken,42,Kyushu
42213,Unzen,city,shi,雲仙市,Nagasaki-ken,42,Kyushu
42214,Minamishimabara,city,shi,南島原市,Nagasaki-ken,42,Kyushu
42307,Nagayo,town,cho,長与町,Nagasaki-ken,42,Kyushu
42308,Togitsu,town,cho,時津町,Nagasaki-ken,42,Kyushu
42321,Higashisonogi,town,cho,東彼杵町,Nagasaki-ken,42,Kyushu
42322,Kawatana,town,cho,川棚町,Nagasaki-ken,42,Kyushu
42323,Hasami,town,cho,波佐見町,Nagasaki-ken,42,Kyushu
42383,Ojika,town,cho,小値賀町,Nagasaki-ken,42,Kyushu
42391,Saza,town,cho,佐々町,Nagasaki-ken,42,Kyushu
42411,Shinkamigoto,town,cho,新上五島町,Nagasaki-ken,42,Kyushu
43100,Kumamoto,city,shi,熊本市,Kumamoto-ken,43,Kyushu
43202,Yatsushiro,city,shi,八代市,Kumamoto-ken,43,Kyushu
43203,Hitoyoshi,city,shi,人吉市,Kumamoto-ken,43,Kyushu
43204,Arao,city,shi,荒尾市,Kumamoto-ken,43,Kyushu
43205,Minamata,city,shi,水俣市,Kumamoto-ken,43,Kyushu
43206,Tamana,city,shi,玉名市,Kumamoto-ken,43,Kyushu
43208,Yamaga,city,shi,山鹿市,Kumamoto-ken,43,Kyushu
43210,Kikuchi,city,shi,菊池市,Kumamoto-ken,43,Kyushu
43211,Uto,city,shi,宇土市,Kumamoto-ken,43,Kyushu
43212,Kamiamakusa,city,shi,上天草市,Kumamoto-ken,43,Kyushu
43213,Uki,city,shi,宇城市,Kumamoto-ken,43,Kyushu
43214,Aso,city,shi,阿蘇市,Kumamoto-ken,43,Kyushu
43215,Amakusa,city,shi,天草市,Kumamoto-ken,43,Kyushu
43216,Koshi,city,shi,合志市,Kumamoto-ken,43,Kyushu
43348,Misato,town,machi,美里町,Kumamoto-ken,43,Kyushu
43364,Gyokuto,town,machi,玉東町,Kumamoto-ken,43,Kyushu
43367,Nankan,town,machi,南関町,Kumamoto-ken,43,Kyushu
43368,Nagasu,town,machi,長洲町,Kumamoto-ken,43,Kyushu
43369,Nagomi,town,machi,和水町,Kumamoto-ken,43,Kyushu
43403,Ozu,town,machi,大津町,Kumamoto-ken,43,Kyushu
43404,Kikuyo,town,machi,菊陽町,Kumamoto-ken,43,Kyushu
43423,Minamioguni,town,machi,南小国町,Kumamoto-ken,43,Kyushu
43424,Oguni,town,machi,小国町,Kumamoto-ken,43,Kyushu
43425,Ubuyama,village,mura,産山村,Kumamoto-ken,43,Kyushu
43428,Takamori,town,machi,高森町,Kumamoto-ken,43,Kyushu
43432,Nishihara,village,mura,西原村,Kumamoto-ken,43,Kyushu
43433,Minamiaso,village,mura,南阿蘇村,Kumamoto-ken,43,Kyushu
43441,Mifune,town,machi,御船町,Kumamoto-ken,43,Kyushu
43442,Kashima,town,machi,嘉島町,Kumamoto-ken,43,Kyushu
43443,Mashiki,town,machi,益城町,Kumamoto-ken,43,Kyushu
43444,Kosa,town,machi,甲佐町,Kumamoto-ken,43,Kyushu
43447,Yamato,town,cho,山都町,Kumamoto-ken,43,Kyushu
43468,Hikawa,town,cho,氷川町,Kumamoto-ken,43,Kyushu
43482,Ashikita,town,machi,芦北町,Kumamoto-ken,43,Kyushu
43484,Tsunagi,town,machi,津奈木町,Kumamoto-ken,43,Kyushu
43501,Nishiki,town,machi,錦町,Kumamoto-ken,43,Kyushu
43505,Taragi,town,machi,多良木町,Kumamoto-ken,43,Kyushu
43506,Yunomae,town,machi,湯前町,Kumamoto-ken,43,Kyushu
43507,Mizukami,village,mura,水上村,Kumamoto-ken,43,Kyushu
43510,Sagara,village,mura,相良村,Kumamoto-ken,43,Kyushu
43511,Itsuki,village,mura,五木村,Kumamoto-ken,43,Kyushu
43512,Yamae,village,mura,山江村,Kumamoto-ken,43,Kyushu
43513,Kuma,village,mura,球磨村,Kumamoto-ken,43,Kyushu
43514,Asagiri,town,cho,あさぎり町,Kumamoto-ken,43,Kyushu
43531,Reihoku,town,machi,苓北町,Kumamoto-ken,43,Kyushu
44201,Oita,city,shi,大分市,Oita-ken,44,Kyushu
44202,Beppu,city,shi,別府市,Oita-ken,44,Kyushu
44203,Nakatsu,city,shi,中津市,Oita-ken,44,Kyushu
44204,Hita,city,shi,日田市,Oita-ken,44,Kyushu
44205,Saiki,city,shi,佐伯市,Oita-ken,44,Kyushu
44206,Usuki,city,shi,臼杵市,Oita-ken,44,Kyushu
44207,Tsukumi,city,shi,津久見市,Oita-ken,44,Kyushu
44208,Taketa,city,shi,竹田市,Oita-ken,44,Kyushu
44209,Bungotakada,city,shi,豊後高田市,Oita-ken,44,Kyushu
44210,Kitsuki,city,shi,杵築市,Oita-ken,44,Kyushu
44211,Usa,city,shi,宇佐市,Oita-ken,44,Kyushu
44212,Bungoono,city,shi,豊後大野市,Oita-ken,44,Kyushu
44213,Yufu,city,shi,由布市,Oita-ken,44,Kyushu
44214,Kunisaki,city,shi,国東市,Oita-ken,44,Kyushu
44322,Himeshima,village,mura,姫島村,Oita-ken,44,Kyushu
44341,Hiji,town,machi,日出町,Oita-ken,44,Kyushu
44461,Kokonoe,town,machi,九重町,Oita-ken,44,Kyushu
44462,Kusu,town,machi,玖珠町,Oita-ken,44,Kyushu
45201,Miyazaki,city,shi,宮崎市,Miyazaki-ken,45,Kyushu
45202,Miyakonojo,city,shi,都城市,Miyazaki-ken,45,Kyushu
45203,Nobeoka,city,shi,延岡市,Miyazaki-ken,45,Kyushu
45204,Nichinan,city,shi,日南市,Miyazaki-ken,45,Kyushu
45205,Kobayashi,city,shi,小林市,Miyazaki-ken,45,Kyushu
45206,Hyuga,city,shi,日向市,Miyazaki-ken,45,Kyushu
45207,Kushima,city,shi,串間市,Miyazaki-ken,45,Kyushu
45208,Saito,city,shi,西都市,Miyazaki-ken,45,Kyushu
45209,Ebino,city,shi,えびの市,Miyazaki-ken,45,Kyushu
45341,Mimata,town,cho,三股町,Miyazaki-ken,45,Kyushu
45361,Takaharu,town,cho,高原町,Miyazaki-ken,45,Kyushu
45382,Kunitomi,town,cho,国富町,Miyazaki-ken,45,Kyushu
45383,Aya,town,cho,綾町,Miyazaki-ken,45,Kyushu
45401,Takanabe,town,cho,高鍋町,Miyazaki-ken,45,Kyushu
45402,Shintomi,town,cho,新富町,Miyazaki-ken,45,Kyushu
45403,Nishimera,village,son,西米良村,Miyazaki-ken,45,Kyushu
45404,Kijo,town,cho,木城町,Miyazaki-ken,45,Kyushu
45405,Kawaminami,town,cho,川南町,Miyazaki-ken,45,Kyushu
45406,Tsuno,town,cho,都農町,Miyazaki-ken,45,Kyushu
45421,Kadogawa,town,cho,門川町,Miyazaki-ken,45,Kyushu
45429,Morotsuka,village,son,諸塚村,Miyazaki-ken,45,Kyushu
45430,Shiiba,village,son,椎葉村,Miyazaki-ken,45,Kyushu
45431,Misato,town,cho,美郷町,Miyazaki-ken,45,Kyushu
45441,Takachiho,town,cho,高千穂町,Miyazaki-ken,45,Kyushu
45442,Hinokage,town,cho,日之影町,Miyazaki-ken,45,Kyushu
45443,Gokase,town,cho,五ヶ瀬町,Miyazaki-ken,45,Kyushu
46201,Kagoshima,city,shi,鹿児島市,Kagoshima-ken,46,Kyushu
46203,Kanoya,city,shi,鹿屋市,Kagoshima-ken,46,Kyushu
46204,Makurazaki,city,shi,枕崎市,Kagoshima-ken,46,Kyushu
46206,Akune,city,shi,阿久根市,Kagoshima-ken,46,Kyushu
46208,Izumi,city,shi,出水市,Kagoshima-ken,46,Kyushu
46210,Ibusuki,city,shi,指宿市,Kagoshima-ken,46,Kyushu
46213,Nishinoomote,city,shi,西之表市,Kagoshima-ken,46,Kyushu
46214,Tarumizu,city,shi,垂水市,Kagoshima-ken,46,Kyushu
46215,Satsumasendai,city,shi,薩摩川内市,Kagoshima-ken,46,Kyushu
46216,Hioki,city,shi,日置市,Kagoshima-ken,46,Kyushu
46217,So,city,shi,曽於市,Kagoshima-ken,46,Kyushu
46218,Kirishima,city,shi,霧島市,Kagoshima-ken,46,Kyushu
46219,Ichikikushikino,city,shi,いちき串木野市,Kagoshima-ken,46,Kyushu
46220,Minamisatsuma,city,shi,南さつま市,Kagoshima-ken,46,Kyushu
46221,Shibushi,city,shi,志布志市,Kagoshima-ken,46,Kyushu
46222,Amami,city,shi,奄美市,Kagoshima-ken,46,Kyushu
46223,Minamikyusyu,city,shi,南九州市,Kagoshima-ken,46,Kyushu
46224,Isa,city,shi,伊佐市,Kagoshima-ken,46,Kyushu
46225,Aira,city,shi,姶良市,Kagoshima-ken,46,Kyushu
46303,Mishima,village,mura,三島村,Kagoshima-ken,46,Kyushu
46304,Toshima,village,mura,十島村,Kagoshima-ken,46,Kyushu
46392,Satsuma,town,cho,さつま町,Kagoshima-ken,46,Kyushu
46404,Nagashima,town,cho,長島町,Kagoshima-ken,46,Kyushu
46452,Yusui,town,cho,湧水町,Kagoshima-ken,46,Kyushu
46468,Osaki,town,cho,大崎町,Kagoshima-ken,46,Kyushu
46482,Higashikushira,town,cho,東串良町,Kagoshima-ken,46,Kyushu
46490,Kinko,town,cho,錦江町,Kagoshima-ken,46,Kyushu
46491,Minamiosumi,town,cho,南大隅町,Kagoshima-ken,46,Kyushu
46492,Kimotsuki,town,cho,肝付町,Kagoshima-ken,46,Kyushu
46501,Nakatane,town,cho,中種子町,Kagoshima-ken,46,Kyushu
46502,Minamitane,town,cho,南種子町,Kagoshima-ken,46,Kyushu
46505,Yakushima,town,cho,屋久島町,Kagoshima-ken,46,Kyushu
46523,Yamato,village,son,大和村,Kagoshima-ken,46,Kyushu
46524,Uken,village,son,宇検村,Kagoshima-ken,46,Kyushu
46525,Setouchi,town,cho,瀬戸内町,Kagoshima-ken,46,Kyushu
46527,Tatsugo,town,cho,龍郷町,Kagoshima-ken,46,Kyushu
46529,Kikai,town,cho,喜界町,Kagoshima-ken,46,Kyushu
46530,Tokunoshima,town,cho,徳之島町,Kagoshima-ken,46,Kyushu
46531,Amagi,town,cho,天城町,Kagoshima-ken,46,Kyushu
46532,Isen,town,cho,伊仙町,Kagoshima-ken,46,Kyushu
46533,Wadomari,town,cho,和泊町,Kagoshima-ken,46,Kyushu
46534,China,town,cho,知名町,Kagoshima-ken,46,Kyushu
46535,Yoron,town,cho,与論町,Kagoshima-ken,46,Kyushu
47201,Naha,city,shi,那覇市,Okinawa-ken,47,Kyushu
47205,Ginowan,city,shi,宜野湾市,Okinawa-ken,47,Kyushu
47207,Ishigaki,city,shi,石垣市,Okinawa-ken,47,Kyushu
47208,Urasoe,city,shi,浦添市,Okinawa-ken,47,Kyushu
47209,Nago,city,shi,名護市,Okinawa-ken,47,Kyushu
47210,Itoman,city,shi,糸満市,Okinawa-ken,47,Kyushu
47211,Okinawa,city,shi,沖縄市,Okinawa-ken,47,Kyushu
47212,Tomigusuku,city,shi,豊見城市,Okinawa-ken,47,Kyushu
47213,Uruma,city,shi,うるま市,Okinawa-ken,47,Kyushu
47214,Miyakojima,city,shi,宮古島市,Okinawa-ken,47,Kyushu
47215,Nanjo,city,shi,南城市,Okinawa-ken,47,Kyushu
47301,Kunigami,village,son,国頭村,Okinawa-ken,47,Kyushu
47302,Ogimi,village,son,大宜味村,Okinawa-ken,47,Kyushu
47303,Higashi,village,son,東村,Okinawa-ken,47,Kyushu
47306,Nakijin,village,son,今帰仁村,Okinawa-ken,47,Kyushu
47308,Motobu,town,cho,本部町,Okinawa-ken,47,Kyushu
47311,Onna,village,son,恩納村,Okinawa-ken,47,Kyushu
47313,Ginoza,village,son,宜野座村,Okinawa-ken,47,Kyushu
47314,Kin,town,cho,金武町,Okinawa-ken,47,Kyushu
47315,Ie,village,son,伊江村,Okinawa-ken,47,Kyushu
47324,Yomitan,village,son,読谷村,Okinawa-ken,47,Kyushu
47325,Kadena,town,cho,嘉手納町,Okinawa-ken,47,Kyushu
47326,Chatan,town,cho,北谷町,Okinawa-ken,47,Kyushu
47327,Kitanakagusuku,village,son,北中城村,Okinawa-ken,47,Kyushu
47328,Nakagusuku,village,son,中城村,Okinawa-ken,47,Kyushu
47329,Nishihara,town,cho,西原町,Okinawa-ken,47,Kyushu
47348,Yonabaru,town,cho,与那原町,Okinawa-ken,47,Kyushu
47350,Haebaru,town,cho,南風原町,Okinawa-ken,47,Kyushu
47353,Tokashiki,village,son,渡嘉敷村,Okinawa-ken,47,Kyushu
47354,Zamami,village,son,座間味村,Okinawa-ken,47,Kyushu
47355,Aguni,village,son,粟国村,Okinawa-ken,47,Kyushu
47356,Tonaki,village,son,渡名喜村,Okinawa-ken,47,Kyushu
47357,Minamidaito,village,son,南大東村,Okinawa-ken,47,Kyushu
47358,Kitadaito,village,son,北大東村,Okinawa-ken,47,Kyushu
47359,Iheya,village,son,伊平屋村,Okinawa-ken,47,Kyushu
47360,Izena,village,son,伊是名村,Okinawa-ken,47,Kyushu
47361,Kumejima,town,cho,久米島町,Okinawa-ken,47,Kyushu
47362,Yaese,town,cho,八重瀬町,Okinawa-ken,47,Kyushu
47375,Tarama,village,son,多良間村,Okinawa-ken,47,Kyushu
47381,Taketomi,town,cho,竹富町,Okinawa-ken,47,Kyushu
47382,Yonaguni,town,cho,与那国町,Okinawa-ken,47,Kyushu
