name,type,role,birth_year,age,age_group,gender,social_org,influential_citizen,politician,politician_level,politician_role,politician_party,govt,govt_natl,govt_pref,govt_muni,research,business,fisheries,agriculture,emergency_services,health_care,lawyer,religious,media,outside_FMI_before_3_11,community_participation,community_participation_relig
name_1,FALSE,member,1961,58,40-60,man,no,no,no,NA,NA,NA,no,no,no,no,yes,no,no,no,no,no,no,no,no,no,no,no
name_2,FALSE,member,1949,70,60-80,man,no,no,no,NA,NA,NA,yes,yes,no,yes,yes,no,no,no,no,no,no,no,no,yes,no,no
name_3,FALSE,member,1958,61,60-80,man,no,no,no,NA,NA,NA,yes,yes,yes,yes,no,no,no,no,no,no,no,no,no,no,no,no
name_4,FALSE,member,1966,53,40-60,man,no,no,no,NA,NA,NA,no,no,no,no,no,no,no,no,no,no,no,no,yes,no,no,no
name_5,FALSE,member,NA,NA,NA,woman,no,no,no,NA,NA,NA,no,no,no,no,yes,yes,no,no,no,no,no,no,no,NA,no,no
name_6,FALSE,member,NA,NA,20-40,man,no,no,no,NA,NA,NA,yes,no,yes,no,no,no,no,no,no,no,no,no,no,no,no,no
name_7,FALSE,member,1934,85,80-older,man,no,no,no,NA,NA,NA,no,no,no,no,yes,no,no,no,no,no,no,no,no,no,no,no
name_8,FALSE,member,1966,53,40-60,man,no,no,no,NA,NA,NA,no,no,no,no,yes,no,no,no,no,no,no,no,yes,no,no,no
name_9,FALSE,member,1945,74,60-80,man,no,no,no,NA,NA,NA,no,no,no,no,yes,no,no,no,no,no,no,no,no,no,no,no
name_10,FALSE,member,1955,64,60-80,man,no,no,no,NA,NA,NA,no,no,no,no,yes,no,no,no,no,no,no,no,no,no,no,no
name_11,FALSE,member,NA,NA,40-60,man,no,no,no,NA,NA,NA,no,no,no,no,yes,no,no,no,no,no,no,no,no,yes,no,no
name_12,FALSE,member,NA,NA,60-80,man,no,no,no,NA,NA,NA,no,no,no,no,yes,no,no,no,no,no,no,no,no,no,no,no
name_13,FALSE,member,1951,68,60-80,man,no,no,no,NA,NA,NA,no,no,no,no,yes,no,no,no,no,no,no,no,no,yes,no,no
name_14,FALSE,member,1975,44,40-60,man,no,no,no,NA,NA,NA,no,no,no,no,no,yes,no,no,no,no,no,no,no,no,no,no
name_15,FALSE,member,1948,71,60-80,man,no,no,no,NA,NA,NA,no,no,no,no,no,yes,no,yes,no,no,no,no,no,no,no,no
name_16,FALSE,member,NA,NA,40-60,man,no,no,no,NA,NA,NA,yes,no,no,yes,no,no,no,no,no,no,no,no,no,no,no,no
name_17,FALSE,member,NA,NA,NA,man,yes,no,no,NA,NA,NA,no,no,no,no,no,no,no,no,no,no,no,no,no,no,yes,yes
name_18,FALSE,member,NA,NA,60-80,man,no,no,no,NA,NA,NA,no,no,no,no,no,no,no,no,no,yes,no,no,no,no,no,no
name_19,FALSE,member,NA,NA,60-80,man,no,no,no,NA,NA,NA,yes,no,no,yes,no,no,no,no,no,no,no,no,no,no,no,no
name_20,FALSE,member,NA,NA,60-80,man,no,no,no,NA,NA,NA,no,no,no,no,yes,no,no,no,no,no,no,no,no,yes,no,no
name_21,FALSE,member,1950,69,60-80,man,no,no,no,NA,NA,NA,no,no,no,no,yes,no,no,no,no,no,no,no,no,yes,no,no
name_22,FALSE,member,1943,76,60-80,woman,no,no,no,NA,NA,NA,yes,no,no,yes,no,no,no,no,no,no,no,no,no,no,no,no
name_23,FALSE,member,NA,NA,40-60,woman,yes,no,no,NA,NA,NA,no,no,no,no,no,no,no,no,no,no,no,no,no,yes,yes,yes
name_24,FALSE,member,1975,44,40-60,woman,no,no,no,NA,NA,NA,no,no,no,no,no,yes,no,no,no,no,no,no,no,no,no,no
name_25,FALSE,member,NA,NA,NA,woman,yes,no,no,NA,NA,NA,no,no,no,no,no,no,no,no,no,no,no,no,no,no,yes,yes
name_26,FALSE,member,1947,72,60-80,man,no,no,no,NA,NA,NA,no,no,no,no,yes,no,no,no,no,no,no,no,no,yes,no,no
name_27,FALSE,member,NA,NA,NA,man,no,no,no,NA,NA,NA,no,no,no,no,no,yes,no,no,no,no,no,no,no,no,no,no
name_28,FALSE,member,1955,64,60-80,man,no,no,no,NA,NA,NA,no,no,no,no,no,no,no,no,no,no,no,no,yes,yes,no,no
name_29,FALSE,member,NA,NA,60-80,man,no,no,no,NA,NA,NA,no,no,no,no,yes,no,no,no,no,no,no,no,no,yes,no,no
name_30,FALSE,member,1972,47,40-60,man,no,no,no,NA,NA,NA,no,no,no,no,no,no,no,no,no,no,no,no,yes,no,no,no
name_31,FALSE,member,NA,NA,40-60,man,no,no,no,NA,NA,NA,no,no,no,no,yes,no,no,no,no,no,no,no,no,no,no,no
name_32,FALSE,member,1962,57,40-60,man,no,no,no,NA,NA,NA,no,no,no,no,yes,no,no,no,no,no,no,no,no,yes,no,no
name_33,FALSE,member,1956,63,60-80,man,no,no,no,NA,NA,NA,no,no,no,no,no,yes,no,yes,no,no,no,no,no,no,no,no
name_34,FALSE,member,NA,NA,NA,man,no,no,no,NA,NA,NA,no,no,no,no,no,yes,yes,no,no,no,no,no,no,no,no,no
name_35,FALSE,member,NA,NA,40-60,woman,yes,no,NA,NA,NA,NA,yes,no,no,yes,no,no,no,no,no,no,no,no,no,no,yes,yes
name_36,FALSE,member,NA,NA,40-60,woman,yes,no,no,NA,NA,NA,yes,no,no,yes,no,no,no,no,no,no,no,no,no,no,yes,yes
name_37,FALSE,member,1962,57,40-60,woman,yes,no,no,NA,NA,NA,no,no,no,no,no,no,no,no,no,no,no,no,no,no,yes,yes
name_38,FALSE,member,NA,NA,40-60,woman,no,no,no,NA,NA,NA,no,no,no,no,no,yes,no,no,no,no,no,no,no,no,no,no
name_39,FALSE,member,NA,NA,NA,man,no,no,no,NA,NA,NA,yes,no,no,yes,no,no,no,no,no,no,no,no,no,no,no,no
name_40,FALSE,member,NA,NA,40-60,man,no,no,no,NA,NA,NA,yes,no,no,yes,no,no,no,no,no,no,no,no,no,no,no,no
name_41,FALSE,member,NA,NA,NA,man,no,no,no,NA,NA,NA,no,no,no,no,no,yes,no,no,no,no,no,no,no,no,no,no
name_42,FALSE,member,1981,38,20-40,man,yes,no,no,NA,NA,NA,no,no,no,no,no,no,no,no,no,no,no,no,no,yes,yes,yes
name_43,FALSE,member,NA,NA,40-60,man,yes,no,no,NA,NA,NA,no,no,no,no,no,no,no,no,no,yes,no,no,no,no,yes,yes
name_44,FALSE,member,NA,NA,40-60,man,yes,no,no,NA,NA,NA,no,no,no,no,yes,no,no,no,no,no,no,yes,no,no,yes,yes
name_46,FALSE,member,1953,66,60-80,man,no,no,no,NA,NA,NA,no,no,no,no,no,no,no,no,no,yes,no,no,no,no,no,no
name_47,FALSE,member,NA,NA,NA,man,yes,no,no,NA,NA,NA,yes,no,no,yes,no,no,no,no,no,no,no,no,no,no,yes,yes
name_48,FALSE,member,NA,NA,40-60,woman,yes,no,no,NA,NA,NA,no,no,no,no,no,yes,no,no,no,no,no,no,no,no,yes,yes
name_49,FALSE,member,1978,41,40-60,man,no,no,no,NA,NA,NA,no,no,no,no,no,no,no,no,no,no,yes,no,no,no,no,no
name_50,FALSE,member,NA,NA,NA,man,yes,no,no,NA,NA,NA,no,no,no,no,no,no,no,no,no,no,no,no,no,no,yes,yes
name_51,FALSE,member,NA,NA,40-60,man,no,no,no,NA,NA,NA,no,no,no,no,no,yes,no,yes,no,no,no,no,no,no,no,no
name_52,FALSE,member,NA,NA,NA,man,no,no,no,NA,NA,NA,no,no,no,no,no,yes,no,yes,no,no,no,no,no,no,no,no
name_53,FALSE,member,1935,84,80-older,man,no,no,no,NA,NA,NA,no,no,no,no,no,yes,yes,no,no,no,no,no,no,no,no,no
name_54,FALSE,member,1938,81,80-older,man,no,no,no,NA,NA,NA,no,no,no,no,no,yes,yes,no,no,no,no,no,no,no,no,no
name_55,FALSE,member,NA,NA,60-80,man,no,no,no,NA,NA,NA,no,no,no,no,no,yes,yes,no,no,no,no,no,no,no,no,no
name_56,FALSE,member,1952,67,60-80,man,no,no,no,NA,NA,NA,no,no,no,no,no,yes,no,no,no,no,no,no,no,no,no,no
name_57,FALSE,member,NA,NA,60-80,man,no,no,no,NA,NA,NA,no,no,no,no,no,yes,no,no,no,no,no,no,no,no,no,no
name_58,FALSE,member,NA,NA,40-60,man,no,no,no,NA,NA,NA,no,no,no,no,no,yes,no,no,no,no,no,no,no,no,no,no
name_59,FALSE,member,NA,NA,NA,man,no,no,no,NA,NA,NA,no,no,no,no,no,yes,no,no,no,no,no,no,no,no,no,no
name_60,FALSE,member,1970,49,40-60,man,no,no,no,NA,NA,NA,no,no,no,no,no,yes,no,no,no,yes,no,no,no,no,no,no
name_61,FALSE,member,NA,NA,NA,man,yes,no,no,NA,NA,NA,no,no,no,no,no,no,no,no,no,no,no,no,no,no,yes,yes
name_62,FALSE,member,1974,45,40-60,man,no,no,no,NA,NA,NA,yes,no,no,yes,yes,no,no,no,no,yes,no,no,no,no,no,no
name_63,FALSE,member,NA,NA,20-40,woman,no,no,no,NA,NA,NA,no,no,no,no,no,yes,no,no,no,no,no,no,yes,no,no,no
name_64,FALSE,member,NA,NA,40-60,woman,yes,no,no,NA,NA,NA,no,no,no,no,no,no,no,no,no,no,no,no,no,no,yes,yes
name_65,FALSE,member,NA,NA,40-60,man,no,no,no,NA,NA,NA,no,no,no,no,yes,no,no,no,no,no,no,no,no,no,no,no
name_66,FALSE,member,NA,NA,40-60,man,no,no,no,NA,NA,NA,no,no,no,no,yes,no,no,no,no,no,no,no,no,no,no,no
name_67,FALSE,observer,NA,NA,60-80,man,no,no,no,NA,NA,NA,yes,yes,no,no,no,no,no,no,no,no,no,no,no,no,no,no
name_68,FALSE,observer,NA,NA,60-80,man,no,no,no,NA,NA,NA,yes,yes,no,no,no,no,no,no,no,no,no,no,no,no,no,no
name_69,FALSE,observer,NA,NA,60-80,man,no,no,no,NA,NA,NA,no,no,no,no,yes,yes,no,no,no,no,no,no,no,no,no,no
name_70,FALSE,observer,NA,NA,60-80,man,no,no,no,NA,NA,NA,no,no,no,no,yes,no,no,no,no,no,no,no,no,no,no,no
name_71,FALSE,observer,NA,NA,40-60,man,no,no,no,NA,NA,NA,yes,no,yes,no,no,yes,no,no,no,no,no,no,no,no,no,no
name_72,FALSE,member,NA,NA,40-60,man,no,no,no,NA,NA,NA,no,no,no,no,no,yes,no,yes,no,no,no,no,no,no,no,no
name_73,FALSE,member,NA,NA,60-80,man,no,no,no,NA,NA,NA,no,no,no,no,no,yes,no,no,no,no,no,no,no,no,no,no
name_74,FALSE,member,NA,NA,60-80,man,yes,no,no,NA,NA,NA,no,no,no,no,no,no,no,no,no,no,no,no,no,no,yes,yes
name_75,FALSE,member,1950,69,60-80,woman,yes,no,no,NA,NA,NA,no,no,no,no,no,no,no,no,no,no,no,no,no,yes,yes,yes
name_76,FALSE,member,1949,70,60-80,man,no,no,no,NA,NA,NA,no,no,no,no,no,yes,yes,no,no,no,no,no,no,no,no,no
name_77,FALSE,member,NA,NA,20-40,man,no,no,no,NA,NA,NA,no,no,no,no,no,yes,no,yes,no,no,no,no,no,no,no,no
name_78,FALSE,member,NA,NA,NA,man,no,no,no,NA,NA,NA,no,no,no,no,no,yes,yes,no,no,no,no,no,no,no,no,no
name_79,FALSE,member,NA,NA,NA,man,no,no,no,NA,NA,NA,no,no,no,no,no,yes,no,no,no,no,no,no,no,no,no,no
name_80,FALSE,member,NA,NA,60-80,woman,no,no,no,NA,NA,NA,yes,yes,no,no,no,no,no,no,no,no,no,no,no,no,no,no
name_81,FALSE,member,NA,NA,NA,man,yes,no,NA,NA,NA,NA,no,no,no,no,no,no,no,no,no,no,no,no,no,no,yes,yes
name_82,FALSE,member,NA,NA,NA,woman,yes,no,no,NA,NA,NA,no,no,no,no,no,no,no,no,no,no,no,no,no,no,yes,yes
name_83,FALSE,member,NA,NA,20-40,woman,no,no,no,NA,NA,NA,no,no,no,no,no,yes,no,no,no,no,no,no,no,no,no,no
name_84,FALSE,member,NA,NA,60-80,man,yes,no,no,NA,NA,NA,no,no,no,no,no,no,no,no,no,no,no,no,no,no,yes,yes
name_85,FALSE,member,1952,67,60-80,man,yes,no,no,NA,NA,NA,no,no,no,no,no,no,no,no,no,no,no,no,no,no,yes,yes
name_86,FALSE,member,1943,76,60-80,man,no,no,yes,municipal,city/town assembly,無所属,no,no,no,yes,no,no,no,no,no,no,no,yes,no,no,no,yes
name_87,FALSE,member,NA,NA,NA,woman,yes,no,no,NA,NA,NA,no,no,no,no,no,no,no,no,no,no,no,no,no,no,yes,yes
name_88,FALSE,member,NA,NA,NA,man,yes,no,no,NA,NA,NA,no,no,no,no,no,no,no,no,no,no,no,no,no,no,yes,yes
name_89,FALSE,member,NA,NA,60-80,man,no,no,no,NA,NA,NA,no,no,no,no,no,yes,yes,no,no,no,no,no,no,no,no,no
name_90,FALSE,member,NA,NA,NA,man,no,no,no,NA,NA,NA,no,no,no,no,no,no,yes,no,no,no,no,no,no,no,no,no
name_91,FALSE,member,NA,NA,40-60,man,no,no,no,NA,NA,NA,no,no,no,no,yes,no,no,no,no,no,no,no,no,no,no,no
name_92,FALSE,member,NA,NA,NA,man,yes,no,no,NA,NA,NA,no,no,no,no,no,yes,no,no,no,no,no,no,no,no,yes,yes
name_93,FALSE,observer,NA,NA,NA,man,no,no,no,NA,NA,NA,yes,no,yes,no,no,no,no,no,yes,no,no,no,no,no,no,no
name_94,FALSE,observer,NA,NA,NA,man,no,no,no,NA,NA,NA,no,no,no,no,no,yes,no,no,no,no,no,no,no,no,no,no
name_95,FALSE,observer,NA,NA,40-60,man,no,no,no,NA,NA,NA,no,no,no,no,no,yes,no,no,no,no,no,no,no,no,no,no
name_96,FALSE,member,1966,53,40-60,woman,no,no,no,NA,NA,NA,no,no,no,no,no,yes,yes,yes,no,no,no,no,no,no,no,no
name_97,FALSE,member,NA,NA,NA,man,no,no,no,NA,NA,NA,no,no,no,no,no,yes,no,no,no,no,no,no,no,no,no,no
name_98,FALSE,member,1954,65,60-80,man,no,no,yes,municipal,mayor,Unlisted,no,no,no,yes,no,no,no,no,no,no,no,no,no,no,no,no
name_99,FALSE,member,1962,57,40-60,man,no,no,no,NA,NA,NA,no,no,no,no,no,yes,yes,no,no,no,no,no,no,no,no,no
name_100,FALSE,member,NA,NA,NA,man,no,no,no,NA,NA,NA,no,no,no,no,no,yes,yes,no,no,no,no,no,no,no,no,no
name_101,FALSE,member,NA,NA,NA,man,no,yes,NA,NA,NA,NA,no,no,no,no,no,no,no,no,no,no,no,no,no,no,yes,yes
name_102,FALSE,member,1953,66,60-80,man,no,no,no,NA,NA,NA,no,no,no,no,yes,no,no,no,no,no,no,no,no,no,no,no
name_103,FALSE,member,NA,NA,60-80,man,no,no,no,NA,NA,NA,yes,no,yes,no,no,no,no,no,no,no,no,no,no,no,no,no
name_104,FALSE,member,NA,NA,NA,man,no,no,no,NA,NA,NA,no,no,no,no,no,yes,yes,no,no,no,no,no,no,no,no,no
name_105,FALSE,member,NA,NA,NA,man,no,no,no,NA,NA,NA,no,no,no,no,no,yes,no,no,no,no,no,no,no,no,no,no
name_106,FALSE,member,NA,NA,40-60,man,no,no,no,NA,NA,NA,no,no,no,no,no,yes,no,yes,no,no,no,no,no,no,no,no
name_107,FALSE,member,NA,NA,NA,man,no,no,no,NA,NA,NA,no,no,no,no,no,yes,no,yes,no,no,no,no,no,no,no,no
name_108,FALSE,member,NA,NA,60-80,man,yes,no,no,NA,NA,NA,yes,no,no,yes,no,no,no,no,no,no,no,no,no,no,yes,yes
name_109,FALSE,member,NA,NA,60-80,man,no,no,no,NA,NA,NA,yes,no,no,yes,no,no,no,no,yes,no,no,no,no,no,no,no
name_110,FALSE,member,NA,NA,NA,man,no,no,no,NA,NA,NA,no,no,no,no,no,no,no,no,no,no,no,no,yes,no,no,no
name_111,FALSE,member,NA,NA,NA,man,no,no,no,NA,NA,NA,no,no,no,no,no,yes,no,no,no,no,no,no,no,no,no,no
name_112,FALSE,member,NA,NA,NA,man,no,no,no,NA,NA,NA,no,no,no,no,no,yes,no,no,no,no,no,no,no,no,no,no
name_113,FALSE,member,NA,NA,NA,man,yes,no,no,NA,NA,NA,no,no,no,no,no,no,no,no,no,no,no,no,no,no,yes,yes
name_114,FALSE,member,1948,71,60-80,man,yes,no,no,NA,NA,NA,no,no,no,no,no,no,no,no,no,no,no,no,no,no,yes,yes
name_115,FALSE,member,1952,67,60-80,man,yes,no,no,NA,NA,NA,no,no,no,no,no,no,no,no,no,no,no,no,no,no,yes,yes
name_116,FALSE,member,NA,NA,NA,man,no,no,no,NA,NA,NA,yes,no,no,yes,no,no,no,no,no,no,no,no,no,no,no,no
name_117,FALSE,member,NA,NA,NA,man,yes,no,no,NA,NA,NA,no,no,no,no,no,no,no,no,no,yes,no,no,no,no,yes,yes
name_118,FALSE,observer,NA,NA,NA,man,no,no,no,NA,NA,NA,yes,yes,no,no,no,no,no,no,no,no,no,no,no,yes,no,no
name_119,FALSE,observer,NA,NA,NA,man,no,no,no,NA,NA,NA,yes,yes,no,no,no,no,no,no,no,no,no,no,no,no,no,no
name_120,FALSE,observer,NA,NA,NA,man,no,no,no,NA,NA,NA,yes,no,yes,no,no,yes,no,no,no,no,no,no,no,no,no,no
name_121,FALSE,member,1956,63,60-80,man,no,no,yes,municipal,mayor,無現,no,no,no,yes,no,no,no,no,no,no,no,no,no,no,no,no
name_122,FALSE,member,NA,NA,60-80,man,no,no,no,municipal,Deputy Mayor,n/a,yes,no,no,yes,no,no,no,no,no,no,no,no,no,no,no,no
name_123,FALSE,member,NA,NA,80-older,man,no,no,no,NA,NA,NA,yes,no,no,yes,yes,no,no,no,no,no,no,no,no,no,no,no
name_124,FALSE,member,NA,NA,NA,man,no,no,no,NA,NA,NA,yes,no,no,yes,no,no,no,no,no,no,no,no,no,no,no,no
name_125,FALSE,member,NA,NA,NA,man,no,no,no,NA,NA,NA,yes,no,no,yes,yes,no,no,no,no,no,no,no,no,no,no,no
name_126,FALSE,member,NA,NA,40-60,man,no,no,no,NA,NA,NA,yes,no,no,yes,no,no,no,no,no,no,no,no,no,no,no,no
name_127,FALSE,member,NA,NA,60-80,man,no,no,no,NA,NA,NA,yes,no,no,yes,no,no,no,no,no,no,no,no,no,no,no,no
name_128,FALSE,member,NA,NA,NA,man,no,no,no,NA,NA,NA,yes,yes,no,yes,no,no,no,no,no,no,no,no,no,no,no,no
name_129,FALSE,member,NA,NA,60-80,man,yes,no,no,NA,NA,NA,no,no,no,no,no,no,no,no,no,no,no,no,no,no,yes,yes
name_130,FALSE,member,NA,NA,NA,man,no,no,no,NA,NA,NA,yes,no,no,yes,no,no,no,no,no,no,no,no,no,no,no,no
name_131,FALSE,member,NA,NA,NA,man,no,no,yes,municipal,city/town assembly,n/a,yes,no,no,yes,no,no,no,no,no,no,no,no,no,no,no,no
name_132,FALSE,member,NA,NA,NA,man,yes,no,no,NA,NA,NA,yes,no,no,yes,no,no,no,no,no,no,no,no,no,no,yes,yes
name_133,FALSE,member,1950,69,60-80,man,no,no,no,NA,NA,NA,no,no,no,no,yes,no,no,no,no,no,no,no,no,no,no,no
name_134,FALSE,member,1949,70,60-80,man,yes,no,no,NA,NA,NA,no,no,no,no,no,no,no,no,no,no,no,no,no,no,yes,yes
name_135,FALSE,member,NA,NA,40-60,man,no,no,no,NA,NA,NA,no,no,no,no,yes,no,no,no,no,no,no,no,no,no,no,no
name_136,FALSE,member,1949,70,60-80,man,no,no,yes,municipal,city/town assembly,無所属,no,no,no,yes,no,no,no,no,no,no,no,no,no,no,no,no
name_137,FALSE,member,NA,NA,40-60,man,no,no,no,NA,NA,NA,no,no,no,no,no,yes,no,yes,no,no,no,no,no,no,no,no
name_138,FALSE,member,NA,NA,NA,man,no,no,no,NA,NA,NA,no,no,no,no,no,yes,no,yes,no,no,no,no,no,no,no,no
name_139,FALSE,member,NA,NA,40-60,man,no,no,no,NA,NA,NA,no,no,no,no,no,yes,yes,no,no,no,no,no,no,no,no,no
name_140,FALSE,member,NA,NA,NA,man,no,no,no,NA,NA,NA,no,no,no,no,no,yes,yes,no,no,no,no,no,no,no,no,no
name_141,FALSE,member,NA,NA,60-80,man,no,no,no,NA,NA,NA,no,no,no,no,no,yes,no,no,no,no,no,no,no,no,no,no
name_142,FALSE,member,NA,NA,60-80,woman,no,no,no,NA,NA,NA,no,no,no,no,no,yes,no,no,NA,no,no,no,no,no,no,no
name_143,FALSE,member,NA,NA,NA,man,yes,no,no,NA,NA,NA,yes,no,no,yes,no,no,no,no,no,no,no,no,no,no,yes,yes
name_144,FALSE,member,1951,68,60-80,man,no,no,yes,municipal,city/town assembly,無所属,no,no,no,yes,no,no,no,no,no,no,no,no,no,no,no,no
name_145,FALSE,member,NA,NA,NA,man,no,no,no,NA,NA,NA,no,no,no,no,no,yes,no,yes,no,no,no,no,no,no,no,no
name_146,FALSE,member,NA,NA,60-80,woman,no,no,no,NA,NA,NA,no,no,no,no,no,yes,no,yes,no,no,no,no,no,no,no,no
name_147,FALSE,member,1969,50,40-60,man,no,no,no,NA,NA,NA,no,no,no,no,no,yes,yes,no,no,no,no,no,no,no,no,no
name_148,FALSE,member,NA,NA,NA,woman,no,no,no,NA,NA,NA,no,no,no,no,no,yes,no,no,no,no,no,no,no,no,no,no
name_149,FALSE,member,NA,NA,20-40,man,no,no,no,NA,NA,NA,no,no,no,no,no,yes,no,yes,no,no,no,no,no,no,no,no
name_150,FALSE,member,NA,NA,NA,man,yes,no,no,NA,NA,NA,no,no,no,no,no,no,no,no,no,no,no,no,no,no,yes,yes
name_151,FALSE,member,NA,NA,40-60,man,no,no,no,municipal,Deputy Mayor,n/a,yes,no,no,yes,no,no,no,no,no,no,no,no,no,no,no,no
name_152,FALSE,member,1955,64,60-80,man,no,no,no,NA,NA,NA,yes,no,yes,no,no,no,no,no,yes,no,no,no,no,no,no,no
name_153,FALSE,member,1952,67,60-80,man,no,no,no,NA,NA,NA,yes,no,no,yes,no,no,no,no,yes,no,no,no,no,no,no,no
name_154,FALSE,member,1949,70,60-80,man,no,no,no,NA,NA,NA,no,no,no,no,no,yes,no,yes,no,no,no,no,no,no,no,no
name_155,FALSE,member,NA,NA,NA,man,yes,no,no,NA,NA,NA,yes,no,no,yes,no,no,no,no,no,no,no,no,no,no,yes,yes
name_156,FALSE,member,NA,NA,60-80,man,no,no,no,NA,NA,NA,no,no,no,no,no,yes,no,no,no,no,no,no,no,no,no,no
name_157,FALSE,member,1946,73,60-80,man,no,no,no,NA,NA,NA,no,no,no,no,no,yes,yes,no,no,no,no,no,no,no,no,no
name_158,FALSE,member,NA,NA,NA,man,no,yes,no,NA,NA,NA,no,no,no,no,no,no,no,no,no,no,no,no,no,no,yes,yes
name_159,FALSE,member,NA,NA,NA,man,no,no,no,NA,NA,NA,no,no,no,no,no,yes,yes,no,no,no,no,no,no,no,no,no
name_160,FALSE,member,1935,84,80-older,man,yes,no,no,NA,NA,NA,no,no,no,no,no,yes,no,no,no,no,no,no,no,no,yes,yes
name_161,FALSE,member,1944,75,60-80,man,no,no,no,NA,NA,NA,no,no,no,no,no,yes,yes,no,no,no,no,no,no,no,no,no
name_162,FALSE,member,NA,NA,NA,man,no,no,no,NA,NA,NA,no,no,no,no,no,yes,no,no,no,no,no,no,no,no,no,no
name_163,FALSE,member,NA,NA,NA,man,no,no,no,NA,NA,NA,no,no,no,no,no,yes,no,no,no,no,no,no,no,no,no,no
name_164,FALSE,member,1940,79,60-80,man,yes,no,no,NA,NA,NA,no,no,no,no,no,no,no,no,no,no,no,no,no,no,yes,yes
name_165,FALSE,member,1943,76,60-80,man,no,no,no,NA,NA,NA,no,no,no,no,no,yes,no,no,no,no,no,no,no,no,no,no
name_166,FALSE,member,NA,NA,60-80,man,no,no,no,NA,NA,NA,no,no,no,no,no,yes,no,no,no,no,no,no,no,no,no,no
name_167,FALSE,member,NA,NA,NA,man,no,no,no,NA,NA,NA,no,no,no,no,no,yes,no,no,no,no,no,no,no,no,no,no
name_168,FALSE,member,NA,NA,40-60,man,no,no,no,NA,NA,NA,no,no,no,no,no,yes,no,yes,no,no,no,no,no,no,no,no
name_169,FALSE,member,NA,NA,60-80,man,no,no,no,NA,NA,NA,no,no,no,no,yes,no,no,no,no,no,no,no,no,no,no,no
name_170,FALSE,member,NA,NA,NA,woman,yes,no,no,NA,NA,NA,no,no,no,no,no,no,no,no,no,no,no,no,no,no,yes,yes
name_171,FALSE,member,NA,NA,NA,woman,yes,no,no,NA,NA,NA,no,no,no,no,no,no,no,no,no,no,no,no,no,no,yes,yes
name_172,FALSE,member,1941,78,60-80,man,no,no,no,NA,NA,NA,no,no,no,no,no,yes,no,no,no,no,no,no,no,no,no,no
name_173,FALSE,member,NA,NA,40-60,man,no,no,no,NA,NA,NA,no,no,no,no,no,yes,no,no,no,no,no,no,no,no,no,no
name_174,FALSE,member,1951,68,60-80,man,yes,no,no,NA,NA,NA,no,no,no,no,no,no,no,no,no,no,no,no,no,no,yes,yes
name_175,FALSE,member,1956,63,60-80,man,no,no,no,NA,NA,NA,no,no,no,no,no,no,no,no,no,yes,no,no,no,no,no,no
name_176,FALSE,member,1939,80,80-older,man,yes,no,no,NA,NA,NA,no,no,no,no,no,no,no,no,no,no,no,no,no,no,yes,yes
name_177,FALSE,member,NA,NA,40-60,man,no,no,no,NA,NA,NA,no,no,no,no,yes,no,no,no,no,no,no,no,no,no,no,no
name_178,FALSE,member,1950,69,60-80,woman,yes,no,no,NA,NA,NA,no,no,no,no,no,no,no,no,no,no,no,no,no,no,yes,yes
name_179,FALSE,member,NA,NA,NA,man,yes,no,no,NA,NA,NA,no,no,no,no,no,no,no,no,no,no,no,no,no,no,yes,yes
name_180,FALSE,member,1972,47,40-60,man,no,no,no,NA,NA,NA,no,no,no,no,no,yes,no,yes,no,no,no,no,no,no,no,no
name_181,FALSE,member,1961,58,40-60,man,no,yes,no,NA,NA,NA,no,no,no,no,no,no,no,no,no,no,no,no,no,no,yes,yes
name_182,FALSE,member,NA,NA,40-60,man,no,no,no,NA,NA,NA,no,no,no,no,no,yes,no,no,no,no,no,no,no,no,no,no
name_183,FALSE,member,1949,70,60-80,man,no,no,no,NA,NA,NA,no,no,no,no,no,yes,no,no,no,no,no,no,no,no,no,no
name_184,FALSE,member,1949,70,60-80,man,yes,yes,no,NA,NA,NA,no,no,no,no,no,no,no,no,no,no,no,no,no,no,yes,yes
name_185,FALSE,member,NA,NA,NA,man,no,no,no,NA,NA,NA,no,no,no,no,no,yes,no,no,no,no,no,no,no,no,no,no
name_186,FALSE,member,NA,NA,NA,woman,yes,no,no,NA,NA,NA,no,no,no,no,no,no,no,no,no,no,no,no,no,no,yes,yes
name_187,FALSE,member,1942,77,60-80,man,yes,no,yes,municipal,city/town assembly,無元,yes,no,no,yes,no,no,no,no,no,no,no,no,no,no,yes,yes
name_188,FALSE,member,1965,54,40-60,man,no,no,no,NA,NA,NA,no,no,no,no,no,yes,no,no,no,no,no,no,no,no,no,no
name_189,FALSE,member,NA,NA,NA,woman,yes,no,no,NA,NA,NA,no,no,no,no,no,no,no,no,no,no,no,no,no,no,yes,yes
name_190,FALSE,member,NA,NA,NA,woman,yes,no,no,NA,NA,NA,no,no,no,no,no,no,no,no,no,no,no,no,no,no,yes,yes
name_191,FALSE,member,NA,NA,NA,man,yes,no,no,NA,NA,NA,no,no,no,no,no,no,no,no,no,no,no,no,no,no,yes,yes
name_192,FALSE,member,NA,NA,60-80,man,yes,no,no,NA,NA,NA,no,no,no,no,no,no,no,no,no,no,no,no,no,no,yes,yes
name_193,FALSE,member,NA,NA,NA,man,no,no,no,NA,NA,NA,no,no,no,no,no,no,no,no,no,yes,no,no,no,no,no,no
name_194,FALSE,member,NA,NA,40-60,woman,no,no,no,NA,NA,NA,no,no,no,no,no,yes,no,no,no,no,no,no,no,no,no,no
name_195,FALSE,member,1945,74,60-80,woman,no,yes,no,NA,NA,NA,no,no,no,no,no,no,no,no,no,no,no,no,no,no,yes,yes
name_196,FALSE,member,NA,NA,60-80,woman,no,yes,no,NA,NA,NA,no,no,no,no,no,no,no,no,no,no,no,no,no,no,yes,yes
name_197,FALSE,member,NA,NA,NA,man,no,yes,no,NA,NA,NA,no,no,no,no,no,no,no,no,no,no,no,no,no,no,yes,yes
name_198,FALSE,member,1959,60,60-80,man,yes,no,no,NA,NA,NA,no,no,no,no,no,no,no,no,no,no,no,no,no,no,yes,yes
name_199,FALSE,member,NA,NA,NA,man,no,no,no,NA,NA,NA,no,no,no,no,no,no,no,no,yes,no,no,no,no,no,no,no
name_200,FALSE,member,1958,61,60-80,man,no,no,no,NA,NA,NA,no,no,no,no,yes,no,no,no,no,no,no,no,no,yes,no,no
name_201,FALSE,member,1967,52,40-60,man,no,no,no,NA,NA,NA,no,no,no,no,yes,no,no,no,no,no,no,no,no,yes,no,no
name_202,FALSE,member,1963,56,40-60,man,no,no,no,NA,NA,NA,no,no,no,no,yes,no,no,no,no,no,no,no,no,no,no,no
name_203,FALSE,member,NA,NA,60-80,man,no,no,no,NA,NA,NA,no,no,no,no,no,yes,no,yes,no,no,no,no,no,no,no,no
name_204,FALSE,member,1959,60,60-80,man,no,no,no,NA,NA,NA,no,no,no,no,no,yes,yes,no,no,no,no,no,no,no,no,no
name_205,FALSE,member,NA,NA,60-80,man,no,no,no,NA,NA,NA,no,no,no,no,no,yes,no,yes,no,no,no,no,no,no,no,no
name_206,FALSE,member,NA,NA,60-80,man,no,yes,no,NA,NA,NA,no,no,no,no,no,yes,no,no,no,no,no,no,no,no,yes,yes
name_207,FALSE,member,1946,73,60-80,man,no,yes,no,NA,NA,NA,no,no,no,no,no,yes,no,no,no,no,no,no,no,no,yes,yes
name_208,FALSE,member,NA,NA,NA,man,yes,no,no,NA,NA,NA,no,no,no,no,no,yes,no,no,no,no,no,no,no,no,yes,yes
name_209,FALSE,member,NA,NA,NA,man,yes,no,no,NA,NA,NA,no,no,no,no,no,yes,no,no,no,no,no,no,no,no,yes,yes
name_210,FALSE,member,1962,57,40-60,man,no,yes,no,NA,NA,NA,no,no,no,no,no,no,no,no,no,no,no,no,no,no,yes,yes
name_211,FALSE,member,NA,NA,NA,man,no,no,no,NA,NA,NA,no,no,no,no,no,yes,no,no,no,no,no,no,no,no,no,no
name_212,FALSE,member,NA,NA,60-80,man,yes,no,no,NA,NA,NA,yes,no,no,yes,no,no,no,no,no,no,no,no,no,no,yes,yes
name_213,FALSE,member,NA,NA,NA,man,no,no,no,NA,NA,NA,no,no,no,no,no,yes,no,no,no,no,no,no,no,no,no,no
name_214,FALSE,member,1975,44,40-60,man,yes,no,no,NA,NA,NA,no,no,no,no,no,no,no,no,no,no,no,no,no,no,yes,yes
name_215,FALSE,member,NA,NA,NA,man,yes,no,no,NA,NA,NA,no,no,no,no,no,no,no,no,no,no,no,no,no,no,yes,yes
name_216,FALSE,member,NA,NA,40-60,man,no,no,no,NA,NA,NA,no,no,no,no,no,yes,no,yes,no,no,no,no,no,no,no,no
name_217,FALSE,member,NA,NA,NA,man,yes,no,no,NA,NA,NA,no,no,no,no,no,no,no,no,no,no,no,no,no,no,yes,yes
name_218,FALSE,member,NA,NA,NA,man,yes,no,no,NA,NA,NA,no,no,no,no,no,no,no,no,no,no,no,no,no,no,yes,yes
name_219,FALSE,member,1945,74,60-80,man,yes,no,no,NA,NA,NA,no,no,no,no,no,no,no,no,no,no,no,no,no,no,yes,yes
name_220,FALSE,member,NA,NA,NA,man,yes,no,no,NA,NA,NA,no,no,no,no,yes,no,no,no,no,no,no,no,no,no,yes,yes
name_221,FALSE,member,NA,NA,60-80,man,no,no,no,NA,NA,NA,no,no,no,no,no,yes,no,yes,no,no,no,no,no,no,no,no
name_222,FALSE,member,NA,NA,NA,man,yes,no,no,NA,NA,NA,no,no,no,no,no,no,no,no,no,no,no,no,no,no,yes,yes
name_223,FALSE,member,NA,NA,NA,man,yes,no,no,NA,NA,NA,no,no,no,no,no,no,no,no,no,no,no,no,no,no,yes,yes
name_224,FALSE,member,NA,NA,NA,man,yes,no,no,NA,NA,NA,no,no,no,no,no,no,no,no,no,no,no,no,no,no,yes,yes
name_225,FALSE,member,1934,85,80-older,man,yes,no,no,NA,NA,NA,no,no,no,no,no,no,no,no,no,no,no,no,no,no,yes,yes
name_226,FALSE,member,NA,NA,NA,woman,yes,no,no,NA,NA,NA,no,no,no,no,no,no,no,no,no,no,no,no,no,no,yes,yes
name_227,FALSE,member,1934,85,80-older,man,no,no,no,NA,NA,NA,no,no,no,no,yes,no,no,no,no,no,no,no,no,no,no,no
name_228,FALSE,member,NA,NA,NA,man,yes,no,no,NA,NA,NA,no,no,no,no,no,no,no,no,no,no,no,no,no,no,yes,yes
name_229,FALSE,member,NA,NA,20-40,man,yes,no,no,NA,NA,NA,no,no,no,no,no,no,no,no,no,no,no,no,no,no,yes,yes
name_230,FALSE,member,NA,NA,NA,man,yes,no,no,NA,NA,NA,no,no,no,no,yes,no,no,no,no,no,no,no,no,no,yes,yes
name_231,FALSE,member,1962,57,40-60,man,yes,no,yes,municipal,city/town assembly,民主党,yes,no,no,yes,no,yes,no,no,no,no,no,no,no,no,yes,yes
name_232,FALSE,member,NA,NA,NA,man,no,no,no,NA,NA,NA,no,no,no,no,no,yes,no,no,no,no,no,no,no,no,no,no
name_233,FALSE,member,1957,62,60-80,man,no,no,no,NA,NA,NA,no,no,no,no,no,yes,no,no,no,no,no,no,no,no,no,no
name_234,FALSE,member,NA,NA,60-80,man,no,no,no,NA,NA,NA,no,no,no,no,no,no,no,no,no,yes,no,no,no,no,no,no
name_235,FALSE,member,NA,NA,40-60,man,no,no,no,NA,NA,NA,no,no,no,no,no,yes,no,no,no,no,no,no,no,no,no,no
name_236,FALSE,member,NA,NA,NA,man,no,no,no,NA,NA,NA,no,no,no,no,no,yes,no,no,no,no,no,no,no,no,no,no
name_237,FALSE,member,NA,NA,60-80,man,no,no,no,NA,NA,NA,yes,no,yes,no,no,no,no,no,no,yes,no,no,no,no,no,no
name_238,FALSE,member,NA,NA,NA,man,yes,no,no,NA,NA,NA,no,no,no,no,no,no,no,no,no,no,no,no,no,no,yes,yes
name_239,FALSE,member,1947,72,60-80,woman,no,no,no,NA,NA,NA,no,no,no,no,no,yes,no,yes,no,no,no,no,no,no,no,no
name_240,FALSE,member,NA,NA,NA,woman,no,no,no,NA,NA,NA,no,no,no,no,no,yes,yes,yes,no,no,no,no,no,no,no,no
name_241,FALSE,member,NA,NA,60-80,woman,no,no,no,NA,NA,NA,no,no,no,no,no,yes,no,no,no,no,no,no,no,no,no,no
name_242,FALSE,member,1949,70,60-80,man,no,no,no,NA,NA,NA,no,no,no,no,no,yes,no,yes,no,no,no,no,no,no,no,no
name_243,FALSE,member,NA,NA,NA,man,yes,no,no,NA,NA,NA,no,no,no,no,no,no,no,no,no,no,no,no,no,no,yes,yes
name_244,FALSE,member,NA,NA,20-40,man,no,no,no,NA,NA,NA,no,no,no,no,no,yes,no,no,no,no,no,no,no,no,no,no
name_245,FALSE,member,1976,43,40-60,man,no,no,no,NA,NA,NA,no,no,no,no,no,yes,no,no,no,no,no,no,no,no,no,no
name_246,FALSE,member,1944,75,60-80,man,no,no,no,NA,NA,NA,no,no,no,no,no,no,no,yes,no,no,no,no,no,no,no,no
name_247,FALSE,observer,NA,NA,40-60,man,no,no,no,NA,NA,NA,yes,yes,no,no,no,no,no,no,no,no,no,no,no,no,no,no
name_248,FALSE,observer,1959,60,60-80,man,no,no,no,NA,NA,NA,yes,no,yes,no,no,no,no,no,no,no,no,no,no,no,no,no
name_249,FALSE,observer,NA,NA,NA,man,no,no,no,NA,NA,NA,no,no,no,no,no,yes,no,no,no,no,no,no,no,no,no,no
name_250,FALSE,observer,NA,NA,NA,man,no,no,no,NA,NA,NA,yes,no,no,yes,no,no,no,no,yes,no,no,no,no,no,no,no
name_251,FALSE,member,NA,NA,NA,man,no,no,no,NA,NA,NA,no,no,no,no,no,yes,yes,no,no,no,no,no,no,no,no,no
name_252,FALSE,member,NA,NA,NA,man,no,no,no,NA,NA,NA,no,no,no,no,no,no,no,yes,no,no,no,no,no,no,no,no
name_253,FALSE,member,1948,71,60-80,man,no,no,no,NA,NA,NA,no,no,no,no,no,yes,no,no,no,no,no,no,no,no,no,no
name_254,FALSE,member,1974,45,40-60,man,no,no,no,NA,NA,NA,no,no,no,no,yes,no,no,no,no,no,no,no,no,no,no,no
name_255,FALSE,member,1941,78,60-80,man,no,no,no,NA,NA,NA,no,no,no,no,no,yes,no,no,no,no,no,no,no,no,no,no
name_256,FALSE,member,NA,NA,NA,man,no,no,no,NA,NA,NA,no,no,no,no,yes,no,yes,no,no,no,no,no,no,no,no,no
name_257,FALSE,member,NA,NA,40-60,man,yes,no,no,NA,NA,NA,no,no,no,no,no,no,no,no,no,no,no,no,no,yes,yes,yes
name_258,FALSE,member,NA,NA,NA,man,yes,no,no,NA,NA,NA,no,no,no,no,no,no,no,no,no,no,no,no,no,no,yes,yes
name_259,FALSE,member,NA,NA,60-80,man,yes,no,no,NA,NA,NA,no,no,no,no,no,no,no,no,no,no,no,no,no,no,yes,yes
name_260,FALSE,member,1933,86,80-older,man,no,yes,no,NA,NA,NA,no,no,no,no,no,no,no,no,no,no,no,no,no,no,yes,yes
name_261,FALSE,member,NA,NA,NA,man,yes,no,no,NA,NA,NA,no,no,no,no,no,no,no,no,no,no,no,no,no,no,yes,yes
name_262,FALSE,member,NA,NA,NA,man,yes,no,no,NA,NA,NA,no,no,no,no,no,no,no,no,no,no,no,no,no,no,yes,yes
name_263,FALSE,member,NA,NA,NA,man,yes,no,no,NA,NA,NA,no,no,no,no,no,no,no,no,no,no,no,no,no,no,yes,yes
name_264,FALSE,member,NA,NA,80-older,man,yes,no,no,NA,NA,NA,no,no,no,no,no,no,no,no,no,no,no,no,no,no,yes,yes
name_265,FALSE,member,1933,86,80-older,man,yes,no,no,NA,NA,NA,no,no,no,no,no,no,no,no,no,no,no,no,no,no,yes,yes
name_266,FALSE,member,NA,NA,NA,man,yes,no,no,NA,NA,NA,no,no,no,no,no,no,no,no,no,no,no,no,no,no,yes,yes
name_267,FALSE,member,NA,NA,60-80,man,yes,no,no,NA,NA,NA,no,no,no,no,no,no,no,no,no,yes,no,no,no,no,yes,yes
name_268,FALSE,member,1978,41,40-60,man,no,no,no,NA,NA,NA,no,no,no,no,no,yes,no,no,no,no,no,no,no,no,no,no
name_269,FALSE,member,NA,NA,NA,man,yes,no,no,NA,NA,NA,no,no,no,no,no,no,no,no,no,no,no,no,no,no,yes,yes
name_270,FALSE,member,1964,55,40-60,man,no,yes,no,NA,NA,NA,no,no,no,no,no,yes,no,yes,no,no,no,no,no,no,yes,yes
name_271,FALSE,member,NA,NA,NA,man,no,no,no,NA,NA,NA,no,no,no,no,no,yes,no,no,no,no,no,no,no,no,no,no
name_272,FALSE,member,1957,62,60-80,man,yes,no,no,NA,NA,NA,no,no,no,no,no,no,no,no,no,no,no,no,no,no,yes,yes
name_273,FALSE,member,NA,NA,NA,man,no,no,no,NA,NA,NA,no,no,no,no,no,yes,no,no,no,no,no,no,no,no,no,no
name_274,FALSE,member,1957,62,60-80,man,no,no,no,NA,NA,NA,no,no,no,no,no,yes,no,no,no,no,no,no,no,no,no,no
name_275,FALSE,member,1947,72,60-80,man,no,no,no,NA,NA,NA,no,no,no,no,no,no,no,no,no,yes,no,no,no,no,no,no
name_276,FALSE,member,NA,NA,60-80,woman,no,no,no,NA,NA,NA,no,no,no,no,no,yes,yes,no,no,no,no,no,no,no,no,no
name_277,FALSE,member,NA,NA,NA,man,no,no,no,NA,NA,NA,no,no,no,no,no,yes,no,yes,no,no,no,no,no,no,no,no
name_278,FALSE,member,1957,62,60-80,man,no,no,no,NA,NA,NA,no,no,no,no,no,yes,yes,no,no,no,no,no,no,no,no,no
name_279,FALSE,member,NA,NA,NA,man,no,no,no,NA,NA,NA,no,no,no,no,no,yes,no,no,no,no,no,no,no,no,no,no
name_280,FALSE,member,NA,NA,NA,man,yes,no,no,NA,NA,NA,no,no,no,no,no,no,no,no,no,no,no,no,no,no,yes,yes
name_281,FALSE,member,1950,69,60-80,man,no,no,yes,municipal,city/town assembly,日本共産党,yes,no,no,yes,no,no,no,no,no,no,no,no,no,no,no,no
name_282,FALSE,member,1946,73,60-80,man,no,no,yes,municipal,city/town assembly,無党派,yes,no,no,yes,no,no,no,no,no,no,no,no,no,no,no,no
name_283,FALSE,member,1954,65,60-80,man,no,no,no,NA,NA,NA,no,no,no,no,yes,no,no,no,no,no,no,no,no,yes,no,no
name_284,FALSE,observer,NA,NA,NA,man,no,no,no,NA,NA,NA,no,no,yes,no,no,no,no,no,no,no,no,no,no,no,no,no
name_285,FALSE,observer,1943,76,60-80,man,no,no,no,NA,NA,NA,no,no,no,no,no,yes,no,no,no,no,no,no,no,no,no,no
name_286,FALSE,observer,1955,64,60-80,man,no,no,no,NA,NA,NA,no,no,no,no,no,no,no,no,yes,no,no,no,no,no,no,no
name_287,FALSE,member,NA,NA,NA,man,NA,no,NA,NA,NA,NA,NA,NA,NA,NA,NA,NA,NA,NA,NA,NA,NA,NA,NA,NA,NA,NA
name_288,FALSE,member,NA,NA,NA,man,NA,no,NA,NA,NA,NA,NA,NA,NA,NA,NA,NA,NA,NA,NA,NA,NA,NA,NA,NA,NA,NA
name_289,FALSE,member,NA,NA,NA,man,no,no,yes,municipal,other,NA,yes,no,no,yes,yes,no,no,no,no,no,no,no,no,no,no,no
name_290,FALSE,member,NA,NA,NA,man,no,no,NA,NA,NA,NA,no,no,no,no,no,yes,yes,no,no,no,no,no,no,no,no,no
name_291,FALSE,member,NA,NA,NA,man,no,no,yes,municipal,other,NA,yes,no,no,yes,no,no,no,no,no,no,no,no,no,no,no,no
name_292,FALSE,member,NA,NA,NA,man,NA,no,NA,NA,NA,NA,NA,NA,NA,NA,NA,NA,NA,NA,NA,NA,NA,NA,NA,NA,NA,NA
name_293,FALSE,member,NA,NA,NA,man,no,no,no,NA,NA,NA,yes,no,no,yes,no,no,no,no,no,no,no,no,no,no,no,no
name_294,FALSE,member,NA,NA,NA,man,no,no,yes,municipal,other,NA,yes,no,no,yes,no,no,no,no,no,no,no,no,no,no,no,no
name_295,FALSE,member,NA,NA,NA,man,no,no,yes,municipal,other,NA,yes,no,no,yes,no,no,no,no,no,no,no,no,no,no,no,no
name_296,FALSE,member,NA,NA,40-60,man,yes,no,no,NA,NA,NA,no,no,no,no,no,no,no,no,no,no,no,no,no,no,yes,yes
name_297,FALSE,member,NA,NA,NA,man,NA,no,NA,NA,NA,NA,NA,NA,NA,NA,NA,NA,NA,NA,NA,NA,NA,NA,NA,NA,NA,NA
name_298,FALSE,member,NA,NA,NA,man,NA,no,NA,NA,NA,NA,NA,NA,NA,NA,NA,NA,NA,NA,NA,NA,NA,NA,NA,NA,NA,NA
name_299,FALSE,member,NA,NA,NA,man,yes,no,no,NA,NA,NA,no,no,no,no,no,no,no,no,no,no,no,no,no,no,yes,yes
name_300,FALSE,member,NA,NA,NA,man,no,no,yes,municipal,other,NA,yes,no,no,yes,no,no,no,no,no,no,no,no,no,no,no,no
name_301,FALSE,member,NA,NA,NA,man,NA,no,NA,NA,NA,NA,NA,NA,NA,NA,NA,NA,NA,NA,NA,NA,NA,NA,NA,NA,NA,NA
name_302,FALSE,member,NA,NA,NA,man,NA,no,NA,NA,NA,NA,NA,NA,NA,NA,NA,NA,NA,NA,NA,NA,NA,NA,NA,NA,NA,NA
name_303,FALSE,member,NA,NA,NA,man,NA,no,NA,NA,NA,NA,NA,NA,NA,NA,NA,NA,NA,NA,NA,NA,NA,NA,NA,NA,NA,NA
name_304,FALSE,member,NA,NA,NA,man,NA,no,NA,NA,NA,NA,NA,NA,NA,NA,NA,NA,NA,NA,NA,NA,NA,NA,NA,NA,NA,NA
name_305,FALSE,member,NA,NA,NA,man,NA,no,NA,NA,NA,NA,NA,NA,NA,NA,NA,NA,NA,NA,NA,NA,NA,NA,NA,NA,NA,NA
name_306,FALSE,member,NA,NA,60-80,man,no,no,NA,NA,NA,NA,no,no,no,no,no,no,yes,no,no,no,no,no,no,no,no,no
name_307,FALSE,member,NA,NA,NA,man,NA,no,NA,NA,NA,NA,NA,NA,NA,NA,NA,NA,NA,NA,NA,NA,NA,NA,NA,NA,NA,NA
name_308,FALSE,member,NA,NA,NA,man,no,no,yes,municipal,other,NA,yes,no,no,yes,no,no,no,no,no,no,no,no,no,no,no,no
name_309,FALSE,member,NA,NA,NA,man,NA,no,NA,NA,NA,NA,NA,NA,NA,NA,NA,NA,NA,NA,NA,NA,NA,NA,NA,NA,NA,NA
name_310,FALSE,member,NA,NA,40-60,man,yes,no,no,NA,NA,NA,no,no,no,no,no,no,no,no,no,no,no,no,no,no,yes,yes
name_311,FALSE,member,NA,NA,NA,man,no,no,no,NA,NA,NA,no,no,no,no,no,yes,yes,no,no,no,no,no,no,no,no,no
name_312,FALSE,member,NA,NA,NA,man,no,yes,no,NA,NA,NA,no,no,no,no,no,no,no,no,no,no,no,no,no,no,yes,yes
name_313,FALSE,member,NA,NA,NA,man,NA,no,NA,NA,NA,NA,NA,NA,NA,NA,NA,NA,NA,NA,NA,NA,NA,NA,NA,NA,NA,NA
name_314,FALSE,member,NA,NA,NA,man,yes,no,no,NA,NA,NA,no,no,no,no,no,no,no,no,no,no,no,no,no,no,yes,yes
name_315,FALSE,member,NA,NA,NA,man,yes,no,no,NA,NA,NA,no,no,no,no,no,no,no,no,no,no,no,no,no,no,yes,yes
name_316,FALSE,member,NA,NA,NA,man,NA,no,NA,NA,NA,NA,NA,NA,NA,NA,NA,NA,NA,NA,NA,NA,NA,NA,NA,NA,NA,NA
name_317,FALSE,member,NA,NA,NA,man,no,no,no,NA,NA,NA,no,no,no,no,no,yes,no,no,no,no,no,no,no,no,no,no
name_318,FALSE,member,1948,71,60-80,woman,no,no,no,NA,NA,NA,no,no,no,no,yes,no,no,no,no,no,no,no,no,yes,no,no
name_319,FALSE,member,1938,81,80-older,man,no,no,no,NA,NA,NA,yes,no,yes,no,yes,no,no,no,no,no,no,no,no,no,no,no
name_320,FALSE,member,NA,NA,60-80,man,yes,no,no,NA,NA,NA,no,no,no,no,yes,no,no,no,no,no,no,no,no,no,yes,yes
name_321,FALSE,member,NA,NA,60-80,man,no,no,no,NA,NA,NA,no,no,no,no,no,yes,no,yes,no,no,no,no,no,no,no,no
name_322,FALSE,member,NA,NA,NA,man,no,no,no,NA,NA,NA,no,no,no,no,no,no,no,no,no,yes,no,no,no,no,no,no
name_323,FALSE,member,NA,NA,NA,man,yes,no,no,NA,NA,NA,yes,no,no,yes,no,no,no,no,no,no,no,no,no,no,yes,yes
name_324,FALSE,member,NA,NA,60-80,man,no,no,no,NA,NA,NA,no,no,no,no,no,yes,yes,no,no,no,no,no,no,no,no,no
name_325,FALSE,member,NA,NA,NA,man,yes,no,no,NA,NA,NA,no,no,no,no,no,no,no,no,no,no,no,no,no,no,yes,yes
name_326,FALSE,member,NA,NA,NA,man,no,no,no,NA,NA,NA,no,no,no,no,no,yes,no,no,no,no,no,no,no,no,no,no
name_327,FALSE,member,NA,NA,NA,man,yes,no,no,NA,NA,NA,no,no,no,no,no,no,no,no,no,no,no,no,no,no,yes,yes
name_328,FALSE,member,NA,NA,NA,woman,no,yes,no,NA,NA,NA,no,no,no,no,no,no,no,no,no,no,no,no,no,no,yes,yes
name_329,FALSE,member,NA,NA,60-80,man,no,yes,no,NA,NA,NA,no,no,no,no,no,yes,no,no,no,no,no,no,no,no,yes,yes
name_330,FALSE,member,NA,NA,60-80,woman,no,yes,no,NA,NA,NA,no,no,no,no,no,yes,no,yes,no,no,no,no,no,no,yes,yes
name_331,FALSE,member,1944,75,60-80,man,no,yes,no,NA,NA,NA,no,no,no,no,no,no,no,yes,no,no,no,no,no,no,yes,yes
name_332,FALSE,member,1948,71,60-80,man,no,no,yes,municipal,city/town assembly,無所属,yes,no,no,yes,no,no,no,no,no,no,no,no,no,no,no,no
name_333,FALSE,member,1943,76,60-80,man,no,no,yes,municipal,city/town assembly,無所属,yes,no,no,yes,no,no,no,no,no,no,no,no,no,no,no,no
name_334,FALSE,member,1948,71,60-80,man,no,no,yes,municipal,city/town assembly,無所属,yes,no,no,yes,no,no,no,no,no,no,no,no,no,no,no,no
name_335,FALSE,observer,NA,NA,NA,man,no,no,no,NA,NA,NA,yes,yes,no,no,no,no,no,no,no,no,no,no,no,no,no,no
name_336,FALSE,observer,NA,NA,NA,woman,no,no,no,NA,NA,NA,yes,yes,no,no,no,no,no,no,no,no,no,no,no,no,no,no
name_337,FALSE,observer,1957,62,60-80,man,no,no,no,NA,NA,NA,yes,no,yes,no,no,no,no,no,no,no,no,no,no,no,no,no
name_338,FALSE,observer,1947,72,60-80,man,no,no,no,NA,NA,NA,no,no,no,no,no,yes,no,yes,no,no,no,no,no,no,no,no
name_339,FALSE,member,1946,73,60-80,man,no,no,no,NA,NA,NA,no,no,no,no,no,no,no,no,no,yes,no,no,no,no,no,no
name_340,FALSE,member,NA,NA,60-80,man,no,no,no,NA,NA,NA,no,no,no,no,yes,no,no,no,no,no,no,no,no,no,no,no
name_341,FALSE,member,1983,36,40-60,woman,no,no,no,NA,NA,NA,no,no,no,no,no,no,no,no,no,no,no,no,yes,NA,no,no
name_342,FALSE,member,NA,NA,60-80,man,no,no,no,NA,NA,NA,no,no,no,no,yes,no,no,no,no,no,no,no,no,no,no,no
name_343,FALSE,member,1941,78,60-80,man,no,no,no,NA,NA,NA,no,no,no,no,no,yes,no,no,no,no,no,no,no,no,no,no
name_344,FALSE,member,1940,79,60-80,man,no,no,no,NA,NA,NA,no,no,no,no,no,yes,no,no,no,no,no,no,no,no,no,no
name_345,FALSE,member,NA,NA,40-60,man,no,no,no,NA,NA,NA,no,no,no,no,yes,no,no,no,no,no,no,no,no,no,no,no
name_346,FALSE,member,NA,NA,60-80,man,no,no,no,NA,NA,NA,no,no,no,no,yes,no,no,no,no,yes,no,no,no,no,no,no
name_347,FALSE,member,NA,NA,60-80,man,no,no,no,NA,NA,NA,no,no,no,no,yes,no,no,no,no,no,no,no,no,no,no,no
name_348,FALSE,member,1956,63,60-80,man,no,no,no,NA,NA,NA,no,no,no,no,yes,no,no,no,no,no,no,no,no,no,no,no
name_349,FALSE,member,1967,52,40-60,man,no,no,no,NA,NA,NA,no,no,no,no,yes,no,no,no,no,no,no,no,no,no,no,no
name_350,FALSE,member,1959,60,60-80,man,no,no,no,NA,NA,NA,no,no,no,no,yes,no,no,no,no,no,no,no,no,no,no,no
name_351,FALSE,member,NA,NA,60-80,woman,no,no,no,NA,NA,NA,no,no,no,no,yes,no,no,no,no,no,no,no,no,no,no,no
name_352,FALSE,member,1949,70,60-80,woman,yes,no,no,NA,NA,NA,no,no,no,no,no,no,no,no,no,no,no,no,no,no,yes,yes
name_353,FALSE,member,NA,NA,40-60,man,no,no,no,NA,NA,NA,no,no,no,no,yes,no,no,no,no,no,no,no,no,no,no,no
name_354,FALSE,member,1960,59,40-60,man,no,no,no,NA,NA,NA,yes,yes,no,no,yes,no,no,no,no,no,no,no,no,no,no,no
name_355,FALSE,member,NA,NA,60-80,man,no,no,no,NA,NA,NA,no,no,no,no,no,yes,no,no,no,no,no,no,no,no,no,no
name_356,FALSE,member,NA,NA,NA,man,no,no,yes,municipal,city/town assembly,Unlisted,yes,no,no,yes,no,no,no,no,no,no,no,no,no,no,no,no
name_357,FALSE,member,NA,NA,60-80,woman,yes,no,no,NA,NA,NA,no,no,no,no,no,no,no,no,no,no,no,no,no,no,yes,yes
name_358,FALSE,member,NA,NA,NA,man,yes,no,no,NA,NA,NA,no,no,no,no,no,no,no,no,no,no,no,no,no,no,yes,yes
name_359,FALSE,member,NA,NA,NA,man,yes,no,no,NA,NA,NA,no,no,no,no,no,no,no,no,no,no,no,no,no,no,yes,yes
name_360,FALSE,member,NA,NA,NA,man,yes,no,no,NA,NA,NA,no,no,no,no,no,no,no,no,no,no,no,no,no,no,yes,yes
name_361,FALSE,member,NA,NA,NA,man,no,no,yes,municipal,other,Unlisted,yes,no,no,yes,no,no,no,no,no,no,no,no,no,no,no,no
name_362,FALSE,member,NA,NA,NA,man,no,no,no,NA,NA,NA,no,no,no,no,no,yes,no,no,no,no,no,no,no,no,no,no
name_363,FALSE,member,1943,76,60-80,man,no,no,yes,municipal,city/town assembly,無所属,yes,no,no,yes,no,no,no,no,no,no,no,no,no,no,no,no
name_364,FALSE,member,NA,NA,NA,man,no,no,yes,municipal,other,Unlisted,yes,no,no,yes,no,no,no,no,no,no,no,no,no,no,no,no
name_365,FALSE,member,NA,NA,NA,man,yes,no,no,NA,NA,NA,no,no,no,no,no,yes,no,no,no,no,no,no,no,no,yes,yes
name_366,FALSE,member,NA,NA,NA,man,no,no,no,NA,NA,NA,yes,no,no,yes,yes,no,no,no,no,no,no,no,no,no,no,no
name_367,FALSE,member,NA,NA,NA,man,no,no,no,NA,NA,NA,no,no,no,no,no,yes,no,yes,no,no,no,no,no,no,no,no
name_368,FALSE,member,1949,70,60-80,man,no,no,no,NA,NA,NA,no,no,no,no,yes,no,no,yes,no,no,no,no,no,no,no,no
name_369,FALSE,member,NA,NA,NA,man,no,no,no,NA,NA,NA,no,no,no,no,yes,no,yes,no,no,no,no,no,no,no,no,no
name_370,FALSE,member,1939,80,80-older,man,no,no,no,NA,NA,NA,no,no,no,no,yes,no,no,no,no,no,no,no,no,no,no,no
name_371,FALSE,member,NA,NA,40-60,man,no,no,no,NA,NA,NA,no,no,no,no,yes,no,no,no,no,no,no,no,no,no,no,no
name_372,FALSE,member,1947,72,60-80,man,no,no,no,NA,NA,NA,no,no,no,no,yes,no,no,no,no,no,no,no,no,yes,no,no
name_373,FALSE,member,1968,51,40-60,man,no,no,no,NA,NA,NA,no,no,no,no,yes,no,no,no,no,no,no,no,no,no,no,no
name_374,FALSE,member,1928,91,80-older,man,yes,no,no,NA,NA,NA,no,no,no,no,yes,no,no,no,no,no,no,no,no,yes,yes,yes
name_375,FALSE,member,NA,NA,NA,man,no,no,no,NA,NA,NA,yes,yes,no,no,no,no,no,no,no,no,no,no,no,no,no,no
name_376,FALSE,member,1951,68,60-80,man,no,no,yes,municipal,mayor,無所属,yes,no,no,yes,no,no,no,no,no,no,no,no,no,no,no,no
name_377,FALSE,member,1948,71,60-80,man,no,no,yes,municipal,Deputy Mayor,n/a,yes,no,no,yes,no,no,no,no,no,no,no,no,no,no,no,no
name_378,FALSE,member,1951,68,60-80,man,no,no,yes,municipal,city/town assembly,無所属,yes,no,no,yes,no,no,no,no,no,no,no,no,no,no,no,no
name_379,FALSE,member,1951,68,60-80,man,no,no,yes,municipal,city/town assembly,無所属,yes,no,no,yes,no,no,no,no,no,no,no,no,no,no,no,no
name_380,FALSE,member,NA,NA,NA,man,no,no,no,NA,NA,NA,yes,no,no,yes,no,no,no,no,no,no,no,no,no,no,no,no
name_381,FALSE,member,1952,67,60-80,man,no,no,no,NA,NA,NA,yes,no,no,yes,no,no,no,no,no,no,no,no,no,no,no,no
name_382,FALSE,member,NA,NA,NA,man,yes,no,no,NA,NA,NA,yes,no,no,no,no,no,no,no,no,no,no,no,no,no,yes,yes
name_383,FALSE,member,1960,59,40-60,man,no,no,yes,municipal,Deputy Mayor,n/a,yes,no,no,yes,no,no,no,no,no,no,no,no,no,no,no,no
name_384,FALSE,member,NA,NA,60-80,man,no,no,no,NA,NA,NA,yes,no,no,yes,no,no,no,no,no,no,no,no,no,no,no,no
name_385,FALSE,member,NA,NA,60-80,man,no,no,no,NA,NA,NA,yes,no,no,yes,no,no,no,no,no,no,no,no,no,no,no,no
name_386,FALSE,member,NA,NA,40-60,man,no,no,no,NA,NA,NA,yes,no,no,yes,no,no,no,no,no,no,no,no,no,yes,no,no
name_387,FALSE,member,NA,NA,NA,woman,no,no,no,NA,NA,NA,yes,no,yes,yes,no,no,no,no,no,no,no,no,no,no,no,no
name_388,FALSE,member,NA,NA,NA,man,no,no,no,NA,NA,NA,yes,no,no,yes,no,no,no,no,no,no,no,no,no,no,no,no
name_389,FALSE,member,NA,NA,NA,man,no,no,no,NA,NA,NA,yes,no,no,yes,yes,no,no,no,no,no,no,no,no,no,no,no
name_390,FALSE,member,NA,NA,40-60,man,no,no,no,NA,NA,NA,yes,no,no,yes,no,no,no,no,no,no,no,no,no,no,no,no
name_391,FALSE,member,NA,NA,40-60,woman,no,no,no,NA,NA,NA,no,no,no,no,yes,no,no,no,no,no,no,no,no,no,no,no
name_392,FALSE,member,NA,NA,60-80,man,no,no,no,NA,NA,NA,no,no,no,no,yes,no,no,no,no,no,no,no,no,no,no,no
name_393,FALSE,member,1960,59,40-60,man,no,no,no,NA,NA,NA,no,no,no,no,yes,no,yes,no,no,no,no,no,no,no,no,no
name_394,FALSE,member,1965,54,40-60,man,no,no,no,NA,NA,NA,no,no,no,no,yes,no,no,no,no,no,no,no,no,yes,no,no
name_395,FALSE,member,1973,46,40-60,man,no,no,no,NA,NA,NA,no,no,no,no,yes,no,no,no,no,no,no,no,no,no,no,no
name_396,FALSE,member,NA,NA,NA,man,no,no,no,NA,NA,NA,yes,yes,no,no,no,no,no,no,no,no,no,no,no,no,no,no
name_397,FALSE,member,NA,NA,NA,man,no,no,no,NA,NA,NA,yes,yes,no,no,no,no,no,no,no,no,no,no,no,no,no,no
name_398,FALSE,member,NA,NA,NA,man,no,no,no,NA,NA,NA,yes,yes,no,no,no,no,no,no,no,no,no,no,no,no,no,no
name_399,FALSE,member,NA,NA,NA,man,yes,no,no,NA,NA,NA,yes,no,yes,no,no,no,no,no,no,no,no,no,no,no,yes,yes
name_400,FALSE,member,NA,NA,NA,man,yes,no,no,NA,NA,NA,no,no,no,no,no,no,no,no,no,no,no,no,no,no,yes,yes
name_401,FALSE,member,NA,NA,60-80,man,yes,no,no,NA,NA,NA,no,no,no,no,no,no,no,no,no,no,no,no,no,no,yes,yes
name_402,FALSE,member,NA,NA,60-80,man,no,no,yes,municipal,other,n/a,yes,no,no,yes,no,no,no,no,no,no,no,no,no,no,no,no
name_403,FALSE,member,NA,NA,40-60,woman,no,yes,no,NA,NA,NA,no,no,no,no,no,no,no,no,no,no,no,no,no,no,yes,yes
name_404,FALSE,member,NA,NA,NA,man,yes,no,no,NA,NA,NA,no,no,no,no,no,no,no,no,no,no,no,no,no,no,yes,yes
name_405,FALSE,member,1948,71,60-80,man,no,no,no,NA,NA,NA,no,no,no,no,no,yes,yes,no,no,no,no,no,no,yes,no,no
name_406,FALSE,member,NA,NA,NA,man,no,no,no,NA,NA,NA,yes,no,no,yes,no,no,no,no,no,no,no,no,no,no,no,no
name_407,FALSE,member,1965,54,40-60,man,no,no,no,NA,NA,NA,no,no,no,no,no,yes,yes,no,no,no,no,no,no,no,no,no
name_408,FALSE,member,1947,72,60-80,man,no,no,no,NA,NA,NA,no,no,no,no,no,yes,yes,no,no,no,no,no,no,no,no,no
name_409,FALSE,member,1963,56,40-60,man,no,no,no,NA,NA,NA,no,no,no,no,no,yes,no,no,no,no,no,no,no,no,no,no
name_410,FALSE,member,NA,NA,60-80,man,no,no,no,NA,NA,NA,no,no,no,no,yes,yes,no,no,no,no,no,no,no,no,no,no
name_411,FALSE,member,1947,72,60-80,man,no,no,no,NA,NA,NA,no,no,no,no,yes,no,no,no,no,no,no,no,no,no,no,no
name_412,FALSE,member,NA,NA,40-60,man,no,no,no,NA,NA,NA,no,no,no,no,yes,no,no,no,no,no,no,no,no,no,no,no
name_413,FALSE,member,NA,NA,NA,man,no,no,no,NA,NA,NA,no,no,no,no,no,yes,yes,no,no,no,no,no,no,no,no,no
name_414,FALSE,member,1953,66,60-80,man,no,no,no,NA,NA,NA,no,no,no,no,no,yes,no,no,no,no,no,no,no,no,no,no
name_415,FALSE,member,NA,NA,60-80,man,no,no,no,NA,NA,NA,no,no,no,no,no,yes,yes,no,no,no,no,no,no,no,no,no
name_416,FALSE,member,1942,77,60-80,man,no,no,no,NA,NA,NA,no,no,no,no,no,yes,yes,no,no,no,no,no,no,no,no,no
name_417,FALSE,member,NA,NA,60-80,man,no,no,no,NA,NA,NA,no,no,no,no,no,yes,no,no,no,no,no,no,no,no,no,no
name_418,FALSE,member,NA,NA,60-80,man,no,no,no,NA,NA,NA,no,no,no,no,no,yes,yes,no,no,no,no,no,no,no,no,no
name_419,FALSE,member,NA,NA,NA,man,yes,no,no,NA,NA,NA,no,no,no,no,no,no,no,no,no,no,no,no,no,no,yes,yes
name_420,FALSE,member,NA,NA,NA,man,yes,no,no,NA,NA,NA,no,no,no,no,no,no,no,no,no,no,no,no,no,no,yes,yes
name_421,FALSE,member,NA,NA,NA,man,yes,no,no,NA,NA,NA,no,no,no,no,no,yes,no,no,no,no,no,no,no,no,yes,yes
name_422,FALSE,member,NA,NA,NA,man,yes,no,no,NA,NA,NA,no,no,no,no,no,no,no,no,no,no,no,no,no,no,yes,yes
name_423,FALSE,member,NA,NA,NA,man,yes,no,no,NA,NA,NA,no,no,no,no,no,no,no,no,no,no,no,no,no,no,yes,yes
name_424,FALSE,member,1958,61,60-80,man,no,no,no,NA,NA,NA,no,no,no,no,yes,no,no,no,no,no,no,no,no,no,no,no
name_425,FALSE,member,NA,NA,NA,man,no,no,no,NA,NA,NA,no,no,no,no,yes,no,no,no,no,no,no,no,no,no,no,no
name_426,FALSE,member,1958,61,60-80,man,no,no,no,NA,NA,NA,no,no,no,no,yes,no,no,no,no,no,no,no,no,no,no,no
name_427,FALSE,member,NA,NA,NA,man,no,no,no,NA,NA,NA,no,no,no,no,no,yes,no,no,no,no,no,no,no,no,no,no
name_428,FALSE,member,NA,NA,NA,man,no,no,no,NA,NA,NA,no,no,no,no,no,yes,no,no,no,no,no,no,no,no,no,no
name_429,FALSE,member,1954,65,60-80,man,yes,yes,no,NA,NA,NA,no,no,no,no,no,yes,no,no,no,no,no,no,no,no,yes,yes
name_430,FALSE,member,NA,NA,40-60,man,no,no,no,NA,NA,NA,yes,no,no,yes,no,no,no,yes,no,no,no,no,no,no,no,no
name_431,FALSE,member,NA,NA,NA,man,no,no,no,NA,NA,NA,no,no,no,no,no,yes,no,no,no,no,no,no,no,no,no,no
name_432,FALSE,member,1942,77,60-80,man,no,no,no,NA,NA,NA,yes,no,no,yes,no,yes,no,no,no,no,no,no,no,no,no,no
name_433,FALSE,member,NA,NA,60-80,man,yes,yes,no,NA,NA,NA,yes,no,no,yes,no,no,no,no,no,no,no,no,no,no,yes,yes
name_434,FALSE,member,NA,NA,40-60,man,no,no,no,NA,NA,NA,no,no,no,no,no,yes,no,no,no,no,no,no,no,no,no,no
name_435,FALSE,member,NA,NA,NA,man,yes,no,no,NA,NA,NA,yes,no,no,yes,no,no,no,no,no,no,no,no,no,no,yes,yes
name_436,FALSE,member,NA,NA,60-80,man,no,no,no,NA,NA,NA,no,no,no,no,yes,no,no,no,no,no,no,no,no,no,no,no
name_437,FALSE,member,1953,66,60-80,man,no,no,no,NA,NA,NA,no,no,no,no,yes,no,no,no,no,no,no,no,no,no,no,no
name_438,FALSE,member,NA,NA,NA,man,yes,no,no,NA,NA,NA,no,no,no,no,no,no,no,no,no,yes,no,no,no,no,yes,yes
name_439,FALSE,member,NA,NA,NA,man,no,no,no,NA,NA,NA,no,no,no,no,no,yes,yes,no,no,no,no,no,no,no,no,no
name_440,FALSE,member,NA,NA,60-80,man,no,no,no,NA,NA,NA,no,no,no,no,no,yes,yes,no,no,no,no,no,no,no,no,no
name_441,FALSE,member,NA,NA,60-80,man,yes,no,no,NA,NA,NA,no,no,no,no,no,yes,no,no,no,no,no,no,no,no,yes,yes
name_442,FALSE,member,NA,NA,NA,man,no,no,no,NA,NA,NA,no,no,no,no,no,yes,yes,no,no,no,no,no,no,no,no,no
name_443,FALSE,member,1938,81,80-older,man,no,no,yes,municipal,other,n/a,yes,no,no,yes,no,no,no,no,no,no,no,no,no,no,no,no
name_444,FALSE,member,NA,NA,NA,woman,yes,no,no,NA,NA,NA,no,no,no,no,no,no,no,no,no,no,no,no,no,no,yes,yes
name_445,FALSE,advisor,1944,75,60-80,man,no,no,no,NA,NA,NA,no,no,no,no,yes,no,no,no,no,no,no,no,no,no,no,no
name_446,FALSE,member,1949,70,60-80,man,yes,no,no,NA,NA,NA,yes,no,yes,no,no,no,no,no,no,no,no,no,no,no,yes,yes
name_447,FALSE,member,1969,50,40-60,man,no,no,no,NA,NA,NA,no,no,no,no,yes,no,no,no,no,no,no,no,no,no,no,no
name_448,FALSE,member,1959,60,60-80,woman,yes,no,no,NA,NA,NA,no,no,no,no,no,no,no,no,no,no,no,no,no,no,yes,yes
name_449,FALSE,member,NA,NA,60-80,man,no,no,no,NA,NA,NA,no,no,no,no,no,no,no,no,no,yes,no,no,no,no,no,no
name_450,FALSE,member,NA,NA,60-80,man,no,no,no,NA,NA,NA,no,no,no,no,yes,no,no,no,no,no,no,no,no,no,no,no
name_451,FALSE,member,1968,51,40-60,man,no,no,no,NA,NA,NA,no,no,no,no,yes,no,no,no,no,no,no,no,no,yes,no,no
name_452,FALSE,member,1947,72,60-80,man,no,no,no,NA,NA,NA,no,no,no,no,yes,no,no,no,no,no,no,no,no,yes,no,no
name_453,FALSE,member,NA,NA,NA,man,no,no,no,NA,NA,NA,no,no,no,no,yes,no,no,no,no,no,no,no,no,yes,no,no
name_454,FALSE,member,NA,NA,80-older,man,yes,no,no,NA,NA,NA,yes,no,no,yes,no,yes,no,no,no,no,no,no,no,no,yes,yes
name_455,FALSE,member,NA,NA,80-older,man,no,no,no,NA,NA,NA,no,no,no,no,no,no,no,yes,no,no,no,no,no,no,no,no
name_456,FALSE,member,1949,70,60-80,man,no,no,yes,municipal,city/town assembly,自民党,yes,no,no,yes,no,no,no,no,no,no,no,no,no,no,no,no
name_457,FALSE,member,NA,NA,NA,woman,yes,no,no,NA,NA,NA,yes,no,no,yes,no,no,no,no,no,yes,no,no,no,no,yes,yes
name_458,FALSE,member,NA,NA,NA,man,yes,yes,NA,NA,NA,NA,no,no,no,no,no,no,no,no,no,no,no,no,no,no,yes,yes
name_459,FALSE,member,NA,NA,NA,man,yes,yes,no,NA,NA,NA,no,no,no,no,no,yes,no,no,no,no,no,no,no,no,yes,yes
name_460,FALSE,member,NA,NA,NA,woman,yes,yes,NA,NA,NA,NA,no,no,no,no,no,no,no,no,no,no,no,no,no,no,yes,yes
name_461,FALSE,advisor,NA,NA,60-80,man,no,no,no,NA,NA,NA,no,no,no,no,no,no,no,no,no,no,no,no,yes,no,no,no
name_462,FALSE,advisor,NA,NA,60-80,man,no,no,no,NA,NA,NA,no,no,no,no,yes,no,no,no,no,no,no,no,no,no,no,no
name_463,FALSE,advisor,NA,NA,60-80,man,no,no,no,NA,NA,NA,no,no,no,no,yes,no,no,no,no,no,no,no,no,yes,no,no
name_464,FALSE,member,NA,NA,60-80,man,no,no,yes,municipal,Deputy Mayor,n/a,yes,no,no,yes,no,no,no,no,no,no,no,no,no,no,no,no
name_465,FALSE,member,NA,NA,NA,man,no,no,yes,municipal,city/town assembly,Unlisted,yes,no,no,yes,no,no,no,no,no,no,no,no,no,no,no,no
name_466,FALSE,member,NA,NA,60-80,man,no,no,no,NA,NA,NA,yes,no,no,yes,no,no,no,no,no,no,no,no,no,no,no,no
name_467,FALSE,member,NA,NA,40-60,man,no,no,no,NA,NA,NA,yes,no,no,yes,no,no,no,no,no,no,no,no,no,no,no,no
name_468,FALSE,member,NA,NA,NA,man,no,no,no,NA,NA,NA,yes,no,no,yes,no,no,no,no,no,no,no,no,no,no,no,no
name_469,FALSE,member,NA,NA,NA,man,no,no,no,NA,NA,NA,yes,no,no,yes,no,no,no,no,no,no,no,no,no,no,no,no
name_470,FALSE,member,NA,NA,80-older,man,no,no,no,NA,NA,NA,yes,yes,no,no,no,no,no,no,no,no,no,no,no,no,no,no
name_471,FALSE,member,NA,NA,NA,man,no,no,no,NA,NA,NA,yes,yes,no,no,no,no,no,no,no,no,no,no,no,no,no,no
name_472,FALSE,member,NA,NA,NA,man,no,no,no,NA,NA,NA,yes,yes,no,no,no,no,no,no,no,no,no,no,no,no,no,no
name_473,FALSE,member,NA,NA,NA,man,no,no,no,NA,NA,NA,yes,yes,no,no,no,no,no,no,no,no,no,no,no,no,no,no
name_474,FALSE,member,NA,NA,NA,man,no,no,no,NA,NA,NA,yes,yes,no,no,no,no,no,no,no,no,no,no,no,no,no,no
name_475,FALSE,member,NA,NA,NA,man,no,no,no,NA,NA,NA,yes,no,yes,no,no,no,no,no,no,no,no,no,no,no,no,no
name_476,FALSE,member,NA,NA,NA,man,no,no,no,NA,NA,NA,yes,no,yes,no,no,no,no,no,no,no,no,no,no,no,no,no
name_477,FALSE,member,NA,NA,NA,man,no,no,no,NA,NA,NA,yes,no,yes,no,no,no,no,no,no,no,no,no,no,no,no,no
name_478,FALSE,member,NA,NA,NA,man,no,no,no,NA,NA,NA,yes,no,yes,no,no,no,no,no,no,no,no,no,no,no,no,no
name_479,FALSE,member,NA,NA,60-80,man,yes,no,no,NA,NA,NA,no,no,no,no,no,no,no,no,no,no,no,no,no,no,yes,yes
name_480,FALSE,member,NA,NA,NA,man,yes,no,no,NA,NA,NA,no,no,no,no,no,no,no,no,no,no,no,no,no,no,yes,yes
name_481,FALSE,member,1979,40,40-60,man,no,no,no,NA,NA,NA,no,no,no,no,no,yes,no,no,no,no,no,no,no,no,no,no
name_482,FALSE,member,NA,NA,NA,man,no,no,no,NA,NA,NA,no,no,no,no,no,no,no,yes,no,no,no,no,no,no,no,no
name_483,FALSE,member,1972,47,40-60,man,no,no,no,NA,NA,NA,no,no,no,no,yes,no,no,no,no,no,no,no,no,no,no,no
name_484,FALSE,member,1977,42,40-60,man,yes,no,no,NA,NA,NA,no,no,no,no,no,no,no,no,no,no,no,yes,no,no,yes,yes
name_485,FALSE,member,NA,NA,NA,woman,NA,no,NA,NA,NA,NA,NA,NA,NA,NA,NA,NA,NA,NA,NA,NA,NA,NA,NA,NA,NA,NA
name_486,FALSE,member,NA,NA,40-60,man,yes,no,no,NA,NA,NA,no,no,no,no,no,yes,no,no,no,no,no,no,no,no,yes,yes
name_487,FALSE,member,NA,NA,NA,man,no,no,yes,municipal,city/town assembly,無所属,yes,no,no,yes,no,yes,yes,no,no,no,no,no,no,no,no,no
name_488,FALSE,member,NA,NA,NA,man,yes,no,no,NA,NA,NA,yes,no,no,yes,no,no,no,no,no,no,no,no,no,no,yes,yes
name_489,FALSE,member,NA,NA,40-60,woman,no,no,no,NA,NA,NA,no,no,no,no,no,yes,no,no,no,no,no,no,no,no,no,no
name_490,FALSE,member,NA,NA,20-40,man,no,no,no,NA,NA,NA,no,no,no,no,no,yes,no,no,no,no,no,no,no,no,no,no
name_491,FALSE,member,NA,NA,NA,woman,yes,no,no,NA,NA,NA,no,no,no,no,no,yes,no,no,no,yes,no,no,no,no,yes,yes
name_492,FALSE,advisor,NA,NA,40-60,man,yes,no,no,NA,NA,NA,no,no,no,no,no,no,no,no,no,no,no,no,no,no,yes,yes
name_493,FALSE,member,NA,NA,NA,man,no,no,no,NA,NA,NA,no,no,no,no,yes,no,no,no,no,no,no,no,no,no,no,no
name_494,FALSE,member,NA,NA,NA,woman,no,no,no,NA,NA,NA,yes,no,no,yes,yes,no,no,no,no,no,no,no,no,no,no,no
name_495,FALSE,member,NA,NA,NA,man,yes,no,no,NA,NA,NA,no,no,no,no,no,yes,no,no,no,no,no,no,no,no,yes,yes
name_496,FALSE,member,NA,NA,NA,man,yes,no,no,NA,NA,NA,no,no,no,no,no,yes,no,no,no,no,no,no,no,no,yes,yes
name_497,FALSE,member,NA,NA,NA,man,no,no,no,NA,NA,NA,no,no,no,no,no,yes,no,yes,no,no,no,no,no,no,no,no
name_498,FALSE,member,NA,NA,60-80,man,no,no,no,NA,NA,NA,no,no,no,no,no,yes,no,yes,no,no,no,no,no,no,no,no
name_499,FALSE,member,NA,NA,NA,man,yes,no,no,NA,NA,NA,no,no,no,no,no,no,no,no,no,no,no,no,no,no,yes,yes
name_500,FALSE,member,NA,NA,NA,woman,yes,no,no,NA,NA,NA,no,no,no,no,no,no,no,no,no,no,no,no,no,no,yes,yes
name_501,FALSE,member,NA,NA,NA,woman,no,no,no,NA,NA,NA,yes,no,no,yes,no,no,no,no,no,yes,no,no,no,no,no,no
name_502,FALSE,member,NA,NA,60-80,man,yes,no,no,NA,NA,NA,no,no,no,no,no,no,no,no,no,no,no,no,no,no,yes,yes
name_503,FALSE,member,NA,NA,NA,woman,yes,no,no,NA,NA,NA,no,no,no,no,no,yes,no,no,no,no,no,no,no,no,yes,yes
name_504,FALSE,member,1948,71,60-80,man,no,no,no,NA,NA,NA,no,no,no,no,yes,no,no,no,no,no,no,no,no,yes,no,no
name_505,FALSE,member,1948,71,60-80,man,no,no,no,NA,NA,NA,no,no,no,no,yes,no,no,no,no,no,no,no,no,yes,no,no
name_506,FALSE,member,1957,62,60-80,man,no,no,no,NA,NA,NA,no,no,no,no,yes,no,no,no,no,no,no,no,no,yes,no,no
name_507,FALSE,member,NA,NA,60-80,man,no,no,no,NA,NA,NA,no,no,no,no,yes,no,no,no,no,no,no,no,no,yes,no,no
name_508,FALSE,member,NA,NA,40-60,man,no,no,no,NA,NA,NA,no,no,no,no,yes,no,no,no,no,no,no,no,no,no,no,no
name_509,FALSE,member,NA,NA,NA,man,yes,no,no,NA,NA,NA,no,no,no,no,no,yes,no,no,no,no,no,no,no,no,yes,yes
name_510,FALSE,member,NA,NA,40-60,man,yes,no,no,NA,NA,NA,no,no,no,no,no,yes,no,no,no,no,no,no,no,no,yes,yes
name_511,FALSE,member,1962,57,40-60,man,yes,no,no,NA,NA,NA,no,no,no,no,no,yes,no,no,no,no,no,no,no,no,yes,yes
name_512,FALSE,member,NA,NA,40-60,man,yes,no,no,NA,NA,NA,no,no,no,no,no,no,no,no,no,yes,no,no,no,no,yes,yes
name_513,FALSE,member,NA,NA,NA,man,yes,no,no,NA,NA,NA,no,no,no,no,no,yes,no,no,no,no,no,no,no,no,yes,yes
name_514,FALSE,member,1956,63,60-80,man,no,no,no,NA,NA,NA,no,no,no,no,yes,no,no,no,no,no,no,no,no,no,no,no
name_515,FALSE,member,1958,61,60-80,man,no,no,yes,municipal,mayor,無所属,yes,no,no,yes,no,no,no,no,no,no,no,no,no,no,no,no
name_516,FALSE,member,1959,60,60-80,man,no,no,yes,municipal,Deputy Mayor,n/a,yes,no,no,yes,no,no,no,no,no,no,no,no,no,no,no,no
name_517,FALSE,member,NA,NA,40-60,man,no,no,yes,municipal,Deputy Mayor,n/a,yes,no,no,yes,no,no,no,no,no,no,no,no,no,yes,no,no
name_518,FALSE,member,NA,NA,NA,woman,no,no,no,NA,NA,NA,no,no,no,no,yes,no,no,no,no,no,no,no,no,no,no,no
name_519,FALSE,member,1961,58,40-60,man,yes,no,yes,municipal,city/town assembly,自民党,yes,no,no,yes,no,yes,no,no,no,no,no,no,no,no,yes,yes
name_520,FALSE,member,NA,NA,NA,man,yes,no,no,NA,NA,NA,no,no,no,no,no,no,no,no,no,yes,no,no,no,no,yes,yes
name_521,FALSE,member,NA,NA,80-older,man,yes,no,no,NA,NA,NA,no,no,no,no,no,yes,no,no,no,no,no,no,no,no,yes,yes
name_522,FALSE,member,NA,NA,NA,man,yes,no,no,NA,NA,NA,no,no,no,no,no,yes,no,no,no,no,no,no,no,no,yes,yes
name_523,FALSE,member,NA,NA,NA,man,no,no,no,NA,NA,NA,no,no,no,no,no,yes,no,yes,no,no,no,no,no,no,no,no
name_524,FALSE,member,NA,NA,NA,man,no,no,no,NA,NA,NA,yes,no,no,yes,yes,no,no,no,no,no,no,no,no,no,no,no
name_525,FALSE,member,NA,NA,60-80,man,yes,no,no,NA,NA,NA,yes,no,no,yes,no,no,no,no,no,no,no,no,no,no,yes,yes
name_526,FALSE,member,NA,NA,NA,man,no,no,no,NA,NA,NA,no,no,no,no,no,yes,no,no,no,no,no,no,no,no,no,no
name_527,FALSE,member,NA,NA,NA,man,yes,no,no,NA,NA,NA,no,no,no,no,no,no,no,no,no,no,no,no,no,no,yes,yes
name_528,FALSE,member,NA,NA,NA,man,yes,no,no,NA,NA,NA,no,no,no,no,no,no,no,no,no,no,no,no,no,no,yes,yes
name_529,FALSE,member,NA,NA,NA,man,yes,no,no,NA,NA,NA,no,no,no,no,no,no,no,no,no,no,no,no,no,no,yes,yes
name_530,FALSE,member,NA,NA,60-80,man,yes,no,no,NA,NA,NA,no,no,no,no,no,no,no,no,no,no,no,no,no,no,yes,yes
name_531,FALSE,member,NA,NA,60-80,woman,yes,no,no,NA,NA,NA,no,no,no,no,no,no,no,no,no,no,no,no,no,no,yes,yes
name_532,FALSE,member,NA,NA,40-60,woman,yes,no,no,NA,NA,NA,no,no,no,no,no,no,no,no,no,no,no,no,no,no,yes,yes
name_533,FALSE,member,1946,73,60-80,man,no,no,no,NA,NA,NA,no,no,no,no,yes,no,no,no,no,no,no,no,no,yes,no,no
name_534,FALSE,member,1944,75,60-80,man,no,no,no,NA,NA,NA,no,no,no,no,yes,no,no,no,no,no,no,no,no,yes,no,no
name_535,FALSE,member,1962,57,40-60,man,no,no,yes,prefectural,governor,自民党,yes,yes,yes,no,no,no,no,no,no,no,no,no,no,yes,no,no
name_536,FALSE,member,1952,67,60-80,man,no,no,no,NA,NA,NA,no,no,no,no,yes,no,no,no,no,no,no,no,no,yes,no,no
name_537,FALSE,member,1949,70,60-80,man,no,no,no,NA,NA,NA,no,no,no,no,yes,no,no,no,no,no,no,no,no,no,no,no
name_538,FALSE,member,1946,73,60-80,man,no,no,no,NA,NA,NA,yes,yes,no,no,yes,no,no,no,no,no,no,no,no,yes,no,no
name_539,FALSE,member,1945,74,60-80,man,no,no,yes,municipal,mayor,無所属,yes,no,no,yes,no,no,no,no,no,no,no,no,no,no,no,no
name_540,FALSE,member,NA,NA,60-80,man,no,no,no,NA,NA,NA,yes,yes,no,no,yes,no,no,no,no,no,no,no,no,yes,no,no
name_541,FALSE,member,1954,65,60-80,man,no,no,no,NA,NA,NA,no,no,no,no,yes,no,no,no,no,no,no,no,no,yes,no,no
name_542,FALSE,member,1960,59,40-60,woman,no,no,no,NA,NA,NA,no,no,no,no,yes,no,no,no,no,no,no,no,no,yes,no,no
name_543,FALSE,member,1953,66,60-80,man,no,no,yes,municipal,mayor,無所属,yes,no,yes,yes,no,no,no,no,no,no,no,no,no,no,no,no
name_544,FALSE,member,NA,NA,60-80,man,no,no,no,NA,NA,NA,no,no,no,no,yes,no,no,no,no,no,no,no,no,yes,no,no
name_545,FALSE,member,1957,62,60-80,man,no,no,no,NA,NA,NA,no,no,no,no,yes,yes,no,no,no,no,no,no,no,yes,no,no
name_546,FALSE,member,NA,NA,60-80,man,no,no,no,NA,NA,NA,no,no,no,no,yes,no,no,no,no,no,no,no,no,yes,no,no
name_547,FALSE,member,1953,66,60-80,man,no,no,no,NA,NA,NA,no,no,no,no,yes,no,no,no,no,no,no,no,no,yes,no,no
name_548,FALSE,member,1954,65,60-80,man,no,no,no,NA,NA,NA,no,no,no,no,no,no,no,no,no,no,no,no,yes,yes,no,no
name_549,FALSE,member,1943,76,60-80,man,no,no,no,NA,NA,NA,no,no,no,no,yes,no,no,no,no,no,no,no,no,yes,no,no
name_550,FALSE,member,1941,78,60-80,man,no,yes,no,NA,NA,NA,no,no,no,no,yes,yes,no,no,no,no,no,no,no,yes,yes,yes
name_551,FALSE,member,1951,68,60-80,man,yes,no,no,NA,NA,NA,no,no,no,no,yes,yes,no,no,no,no,no,no,no,yes,yes,yes
name_552,FALSE,member,1953,66,60-80,man,no,no,no,NA,NA,NA,no,no,no,no,yes,no,no,no,no,no,no,no,no,no,no,no
name_553,FALSE,member,1948,71,60-80,woman,no,yes,no,NA,NA,NA,no,no,no,no,yes,no,no,no,no,no,no,no,yes,yes,yes,yes
name_554,FALSE,member,1956,63,60-80,man,no,yes,no,NA,NA,NA,no,no,no,no,no,no,no,no,no,no,no,yes,yes,yes,yes,yes
name_555,FALSE,member,1947,72,60-80,man,no,no,yes,prefectural,governor,民主党,yes,yes,yes,no,no,no,no,no,no,no,no,no,no,no,no,no
name_556,FALSE,member,1954,65,60-80,man,yes,yes,no,NA,NA,NA,no,no,no,no,yes,no,no,no,no,no,no,no,no,yes,yes,yes
name_557,FALSE,member,1948,71,60-80,man,no,no,no,NA,NA,NA,no,no,no,no,yes,no,no,no,no,no,no,no,yes,yes,no,no
name_558,FALSE,member,1964,55,40-60,man,no,no,yes,prefectural,governor,民主党,yes,yes,yes,no,no,no,no,no,no,no,no,no,no,no,no,no
name_559,FALSE,member,1947,72,60-80,man,no,no,no,NA,NA,NA,no,no,no,no,no,yes,no,no,no,no,no,no,no,no,no,no
name_560,FALSE,member,1946,73,60-80,man,no,no,no,NA,NA,NA,no,no,no,no,no,no,no,no,no,no,no,no,yes,yes,no,no
name_561,FALSE,member,1960,59,40-60,man,no,no,yes,prefectural,governor,自民党,yes,yes,yes,no,no,no,no,no,no,no,no,no,no,no,no,no
name_562,FALSE,member,1925,94,80-older,man,no,no,no,NA,NA,NA,no,no,no,no,yes,no,no,no,no,no,no,no,no,yes,no,no
name_563,FALSE,member,1962,57,40-60,man,no,no,no,NA,NA,NA,no,no,no,no,yes,no,no,no,no,no,no,no,no,yes,no,no
name_564,FALSE,member,1949,70,60-80,man,yes,no,yes,municipal,mayor,無所属,yes,no,no,yes,no,no,no,no,no,no,no,no,no,yes,yes,yes
name_565,FALSE,member,1944,75,60-80,man,no,no,no,NA,NA,NA,yes,yes,no,no,yes,no,no,no,no,no,yes,no,no,yes,no,no
name_566,FALSE,member,NA,NA,60-80,man,yes,no,no,NA,NA,NA,no,no,no,no,no,no,no,no,no,no,no,no,no,yes,yes,yes
name_567,FALSE,member,1952,67,60-80,man,no,no,no,NA,NA,NA,no,no,no,no,yes,no,no,no,no,no,no,no,no,yes,no,no
name_568,FALSE,member,1946,73,60-80,man,no,no,no,NA,NA,NA,yes,yes,no,no,no,yes,no,no,no,no,no,no,no,yes,no,no
name_569,FALSE,member,1964,55,40-60,man,no,no,no,NA,NA,NA,no,no,no,no,yes,no,no,no,no,no,no,no,no,yes,no,no
name_570,FALSE,member,1964,55,40-60,man,no,no,no,NA,NA,NA,no,no,no,no,yes,yes,no,no,no,no,no,no,no,yes,no,no
name_571,FALSE,member,1951,68,60-80,woman,yes,no,no,NA,NA,NA,no,no,no,no,yes,yes,no,no,no,no,no,no,no,yes,yes,yes
name_572,FALSE,member,1957,62,60-80,man,no,no,no,NA,NA,NA,no,no,no,no,no,yes,no,no,no,no,no,no,no,yes,no,no
name_573,FALSE,member,1957,62,60-80,man,no,no,no,NA,NA,NA,yes,yes,no,no,yes,no,no,no,no,no,no,no,no,yes,no,no
name_574,FALSE,member,1958,61,60-80,woman,no,no,no,NA,NA,NA,no,no,no,no,yes,no,no,no,no,no,no,no,no,yes,no,no
name_575,FALSE,member,1971,48,40-60,man,no,no,no,NA,NA,NA,no,no,no,no,yes,no,no,no,no,no,no,no,no,yes,no,no
name_576,FALSE,member,1959,60,60-80,man,no,no,no,NA,NA,NA,no,no,no,no,yes,no,no,no,no,no,no,no,no,yes,no,no
name_577,FALSE,member,NA,NA,60-80,man,no,no,no,NA,NA,NA,no,no,no,no,no,yes,no,no,no,no,no,no,no,yes,no,no
name_578,FALSE,member,1964,55,40-60,man,no,no,no,NA,NA,NA,no,no,no,no,yes,yes,no,no,no,no,no,no,no,yes,no,no
name_579,FALSE,member,1958,61,60-80,man,no,no,no,NA,NA,NA,no,no,no,no,yes,no,no,no,no,no,no,no,no,yes,no,no
name_580,FALSE,member,NA,NA,40-60,man,no,no,no,NA,NA,NA,no,no,no,no,yes,no,no,no,no,no,no,no,no,yes,no,no
name_581,FALSE,member,1955,64,60-80,man,no,no,no,NA,NA,NA,no,no,no,no,yes,no,no,no,no,no,no,no,no,yes,no,no
name_582,FALSE,member,NA,NA,40-60,man,no,no,no,NA,NA,NA,no,no,no,no,yes,no,no,no,no,no,no,no,no,yes,no,no
name_583,FALSE,member,NA,NA,60-80,man,no,no,no,NA,NA,NA,no,no,no,no,yes,no,no,no,no,no,no,no,no,yes,no,no
name_584,FALSE,member,1955,64,60-80,man,no,no,no,NA,NA,NA,yes,no,yes,no,no,no,no,no,no,no,no,no,no,no,no,no
name_585,FALSE,member,NA,NA,40-60,man,no,no,no,NA,NA,NA,yes,no,yes,no,no,no,no,no,no,no,no,no,no,no,no,no
name_586,FALSE,member,NA,NA,60-80,man,no,no,no,NA,NA,NA,yes,no,yes,no,no,no,no,no,no,no,no,no,no,no,no,no
name_587,FALSE,member,NA,NA,60-80,man,no,no,no,NA,NA,NA,yes,no,yes,no,no,no,no,no,no,no,no,no,no,no,no,no
name_588,FALSE,member,NA,NA,60-80,man,no,no,no,NA,NA,NA,yes,no,yes,no,no,no,no,no,no,no,no,no,no,no,no,no
name_589,FALSE,member,NA,NA,NA,man,no,no,no,NA,NA,NA,yes,no,yes,no,no,no,no,no,no,no,no,no,no,no,no,no
name_590,FALSE,member,NA,NA,60-80,man,no,no,no,NA,NA,NA,yes,yes,no,no,no,no,no,no,no,no,no,no,no,no,no,no
name_591,FALSE,member,1960,59,40-60,man,no,no,no,NA,NA,NA,yes,yes,no,no,no,no,no,no,no,no,no,no,no,no,no,no
name_592,FALSE,member,NA,NA,60-80,man,no,no,no,NA,NA,NA,no,no,no,no,yes,no,no,no,no,no,no,no,no,yes,no,no
name_593,FALSE,member,NA,NA,60-80,man,no,no,no,NA,NA,NA,no,no,no,no,yes,no,yes,no,no,no,no,no,no,no,no,no
name_594,FALSE,member,NA,NA,60-80,man,no,no,no,NA,NA,NA,yes,yes,no,no,yes,no,no,no,no,no,no,no,no,yes,no,no
name_595,FALSE,member,NA,NA,NA,man,no,no,no,NA,NA,NA,yes,yes,no,no,no,no,no,no,no,no,no,no,no,yes,no,no
name_596,FALSE,member,NA,NA,60-80,man,no,no,no,NA,NA,NA,yes,yes,no,no,no,no,no,no,no,no,no,no,no,yes,no,no
name_597,FALSE,member,NA,NA,60-80,man,no,no,no,NA,NA,NA,yes,yes,no,no,no,no,no,no,no,no,no,no,no,yes,no,no
name_598,FALSE,member,NA,NA,60-80,man,no,no,no,NA,NA,NA,yes,yes,no,no,no,no,no,no,no,no,no,no,no,yes,no,no
name_599,FALSE,member,NA,NA,60-80,man,no,no,no,NA,NA,NA,yes,yes,no,no,no,no,no,no,no,no,no,no,no,yes,no,no
name_600,FALSE,member,1931,88,80-older,man,no,no,no,NA,NA,NA,no,no,no,no,no,no,no,no,no,yes,no,no,no,no,no,no
name_601,FALSE,member,1949,70,60-80,man,no,no,no,NA,NA,NA,no,no,no,no,yes,no,no,no,no,no,no,no,no,no,no,no
name_602,FALSE,member,NA,NA,NA,woman,no,no,no,NA,NA,NA,no,no,no,no,yes,no,no,no,no,no,no,no,no,no,no,no
name_603,FALSE,member,NA,NA,60-80,man,no,no,no,NA,NA,NA,no,no,no,no,no,yes,no,no,no,no,no,no,no,no,no,no
name_604,FALSE,member,NA,NA,40-60,man,no,no,no,NA,NA,NA,no,no,no,no,yes,no,no,no,no,yes,no,no,no,no,no,no
name_605,FALSE,member,NA,NA,60-80,man,no,no,no,NA,NA,NA,no,no,no,no,yes,no,no,no,no,no,no,no,no,no,no,no
name_606,FALSE,member,1965,54,40-60,man,yes,no,no,NA,NA,NA,no,no,no,no,no,yes,no,no,no,no,no,no,no,no,yes,yes
name_607,FALSE,member,1948,71,60-80,man,no,no,no,NA,NA,NA,no,no,no,no,no,yes,no,yes,no,no,no,no,no,no,no,no
name_608,FALSE,member,NA,NA,60-80,man,no,no,no,NA,NA,NA,no,no,no,no,no,yes,no,no,no,no,no,no,no,no,no,no
name_609,FALSE,member,1941,78,60-80,man,yes,no,no,NA,NA,NA,no,no,no,no,yes,yes,no,no,no,no,no,no,no,no,yes,yes
name_610,FALSE,member,NA,NA,60-80,man,no,no,no,NA,NA,NA,no,no,no,no,no,no,no,no,no,yes,no,no,no,no,no,no
name_611,FALSE,member,1959,60,60-80,woman,no,no,no,NA,NA,NA,no,no,no,no,yes,no,no,no,no,no,no,no,no,no,no,no
name_612,FALSE,member,NA,NA,80-older,woman,yes,no,no,NA,NA,NA,no,no,no,no,no,no,no,no,no,no,no,no,no,no,yes,yes
name_613,FALSE,member,1954,65,60-80,man,no,no,no,NA,NA,NA,no,no,no,no,no,yes,no,no,no,no,no,no,no,no,no,no
name_614,FALSE,member,1947,72,60-80,man,no,no,no,NA,NA,NA,yes,no,yes,no,yes,no,no,no,no,no,no,no,no,no,no,no
name_615,FALSE,member,NA,NA,60-80,man,no,no,no,NA,NA,NA,no,no,no,no,no,yes,yes,no,no,no,no,no,no,no,no,no
name_616,FALSE,member,NA,NA,80-older,man,no,no,no,NA,NA,NA,no,no,no,no,no,yes,no,yes,no,no,no,no,no,no,no,no
name_617,FALSE,member,NA,NA,80-older,man,yes,no,no,NA,NA,NA,yes,no,yes,no,no,no,no,no,no,no,no,no,no,no,yes,yes
name_618,FALSE,member,NA,NA,80-older,man,yes,no,no,NA,NA,NA,no,no,no,no,yes,no,no,no,no,no,no,no,no,no,yes,yes
name_619,FALSE,member,1947,72,60-80,woman,no,no,no,NA,NA,NA,no,no,no,no,no,no,no,no,no,yes,no,no,no,no,no,no
name_620,FALSE,member,1948,71,60-80,man,yes,no,no,NA,NA,NA,no,no,no,no,no,yes,no,no,no,no,no,no,no,no,yes,yes
name_621,FALSE,member,NA,NA,80-older,man,no,no,no,NA,NA,NA,no,no,no,no,no,yes,no,no,no,no,no,no,no,no,no,no
name_622,FALSE,observer,1952,67,60-80,man,no,no,yes,prefectural,prefectural assembly,民主党,yes,no,yes,no,no,yes,no,no,no,no,no,no,no,no,no,no
name_623,FALSE,observer,1955,64,60-80,man,no,no,yes,prefectural,prefectural assembly,民主党,yes,no,yes,no,no,yes,no,no,no,no,no,no,no,no,no,no
name_624,FALSE,observer,1978,41,40-60,man,no,no,yes,prefectural,prefectural assembly,自民党,yes,no,yes,no,no,no,no,no,no,no,no,no,no,no,no,no
name_625,FALSE,observer,NA,NA,NA,man,no,no,no,NA,NA,NA,yes,yes,no,no,no,no,no,no,no,no,no,no,no,no,no,no
name_626,FALSE,member,1949,70,60-80,man,no,no,no,NA,NA,NA,no,no,no,no,yes,no,no,no,no,no,no,no,no,yes,no,no
name_627,FALSE,member,1945,74,60-80,man,no,no,no,NA,NA,NA,no,no,no,no,yes,no,no,no,no,no,no,no,no,no,no,no
name_628,FALSE,member,NA,NA,60-80,man,no,no,no,NA,NA,NA,no,no,no,no,no,yes,no,no,no,no,no,no,no,no,no,no
name_629,FALSE,member,1956,63,60-80,man,no,no,no,NA,NA,NA,no,no,no,no,no,yes,no,no,no,no,no,no,no,no,no,no
name_630,FALSE,member,1947,72,60-80,man,no,yes,no,NA,NA,NA,no,no,no,no,yes,no,no,no,no,no,no,no,no,no,yes,yes
name_631,FALSE,member,1928,91,NA,man,no,yes,no,NA,NA,NA,no,no,no,no,yes,no,no,no,no,no,no,no,no,yes,yes,yes
name_632,FALSE,member,1956,63,60-80,man,no,no,no,NA,NA,NA,no,no,no,no,no,yes,no,no,no,no,no,no,no,yes,no,no
name_633,FALSE,member,1944,75,60-80,man,no,no,no,NA,NA,NA,no,no,no,no,yes,yes,no,no,no,no,no,no,no,yes,no,no
name_634,FALSE,member,1951,68,60-80,man,no,no,no,NA,NA,NA,no,no,no,no,yes,no,no,no,no,no,no,no,no,yes,no,no
name_635,FALSE,member,1947,72,60-80,man,no,no,no,NA,NA,NA,yes,yes,no,no,yes,yes,no,no,no,no,no,no,no,yes,no,no
name_636,FALSE,member,1961,58,40-60,man,no,no,no,NA,NA,NA,no,no,no,no,yes,no,no,no,no,no,no,no,no,yes,no,no
name_637,FALSE,member,1955,64,60-80,man,no,no,no,NA,NA,NA,no,no,no,no,yes,yes,no,no,no,no,no,no,no,yes,no,no
name_638,FALSE,member,NA,NA,NA,man,yes,no,no,NA,NA,NA,no,no,no,no,no,yes,no,no,no,no,no,no,no,no,yes,yes
name_639,FALSE,member,NA,NA,40-60,man,yes,no,no,NA,NA,NA,no,no,no,no,no,no,no,no,no,no,no,no,no,no,yes,yes
name_640,FALSE,member,NA,NA,60-80,man,no,no,no,NA,NA,NA,no,no,no,no,no,yes,no,no,no,no,no,no,no,no,no,no
name_641,FALSE,member,1969,50,40-60,man,yes,no,no,NA,NA,NA,no,no,no,no,no,no,no,no,no,no,no,no,yes,no,yes,yes
name_642,FALSE,member,NA,NA,40-60,man,no,no,no,NA,NA,NA,no,no,no,no,yes,no,no,no,no,no,no,no,no,no,no,no
name_643,FALSE,member,1959,60,60-80,man,no,no,no,NA,NA,NA,no,no,no,no,no,no,no,no,no,no,no,no,yes,no,no,no
name_644,FALSE,member,NA,NA,40-60,woman,yes,no,no,NA,NA,NA,no,no,no,no,no,no,no,no,no,no,no,no,no,yes,yes,yes
name_645,FALSE,member,NA,NA,NA,man,no,no,no,NA,NA,NA,yes,yes,no,no,no,no,no,no,no,no,no,no,no,no,no,no
name_646,FALSE,member,NA,NA,NA,man,no,no,no,NA,NA,NA,yes,yes,no,no,no,no,no,no,no,no,no,no,no,no,no,no
name_647,FALSE,member,1959,60,60-80,woman,no,no,no,NA,NA,NA,yes,no,yes,no,no,no,no,no,no,no,no,no,no,no,no,no
name_648,FALSE,member,NA,NA,60-80,man,no,no,no,NA,NA,NA,yes,no,yes,no,no,no,no,no,no,no,no,no,no,no,no,no
name_649,FALSE,member,NA,NA,60-80,man,no,no,no,NA,NA,NA,yes,no,yes,no,no,no,no,no,no,no,no,no,no,no,no,no
name_650,FALSE,member,NA,NA,40-60,man,yes,no,no,NA,NA,NA,yes,no,yes,no,no,no,no,no,no,no,no,no,no,no,yes,yes
name_651,FALSE,member,NA,NA,NA,man,no,no,no,NA,NA,NA,yes,no,yes,no,no,no,no,no,no,no,no,no,no,no,no,no
name_652,FALSE,member,1973,46,40-60,woman,no,no,no,NA,NA,NA,yes,no,yes,no,no,yes,no,no,no,no,no,no,no,yes,no,no
name_653,FALSE,member,NA,NA,NA,woman,no,no,no,NA,NA,NA,yes,no,yes,no,no,no,no,no,no,no,no,no,no,no,no,no
name_654,FALSE,member,NA,NA,NA,woman,no,no,no,NA,NA,NA,yes,no,yes,no,no,no,no,no,no,no,no,no,no,no,no,no
name_655,FALSE,member,NA,NA,NA,woman,no,no,no,NA,NA,NA,yes,no,yes,no,no,yes,no,no,no,no,no,no,no,no,no,no
name_656,FALSE,member,NA,NA,NA,woman,no,no,no,NA,NA,NA,yes,no,yes,no,no,no,no,no,no,no,no,no,no,no,no,no
name_657,FALSE,member,NA,NA,NA,man,no,no,no,NA,NA,NA,yes,no,yes,no,no,no,no,no,no,no,no,no,no,no,no,no
